basDt,itmsNm,srtnCd,isinCd,mrktCtg,clpr,vs,fltRt,mkp,hipr,lopr,trqu,trPrc,lstgStCnt,mrktTotAmt
2025-12-30,삼성전자,005930,KR7005930003,KOSPI,119900,400,0.33,119100,121200,118700,19746349,2375903831735,5919637922,709764586847800
2025-12-29,삼성전자,005930,KR7005930003,KOSPI,119500,2500,2.14,119400,119700,118200,19676004,2342292714700,5919637922,707396731679000
2025-12-26,삼성전자,005930,KR7005930003,KOSPI,117000,5900,5.31,112400,117000,112400,34018174,3930507591746,5919637922,692597636874000
2025-12-24,삼성전자,005930,KR7005930003,KOSPI,111100,-400,-0.36,112400,112400,110900,12492939,1392948448100,5919637922,657671773134200
2025-12-23,삼성전자,005930,KR7005930003,KOSPI,111500,1000,0.9,110900,112500,110400,20419187,2280880376500,5919637922,660039628303000
2025-12-22,삼성전자,005930,KR7005930003,KOSPI,110500,4200,3.95,109700,110500,109300,24859171,2733030756000,5919637922,654119990381000
2025-12-19,삼성전자,005930,KR7005930003,KOSPI,106300,-1300,-1.21,109700,109700,106200,25917098,2775502209243,5919637922,629257511108600
2025-12-18,삼성전자,005930,KR7005930003,KOSPI,107600,-300,-0.28,106400,108200,105700,20445631,2187289590140,5919637922,636953040407200
2025-12-17,삼성전자,005930,KR7005930003,KOSPI,107900,5100,4.96,103500,108100,103400,22297611,2355122133240,5919637922,638728931783800
2025-12-16,삼성전자,005930,KR7005930003,KOSPI,102800,-2000,-1.91,104900,105600,102700,18852079,1956433462038,5919637922,608538778381600
2025-12-15,삼성전자,005930,KR7005930003,KOSPI,104800,-4100,-3.76,105300,105800,104600,20594654,2165419255257,5919637922,620378054225600
2025-12-12,삼성전자,005930,KR7005930003,KOSPI,108900,1600,1.49,107100,108900,106800,14210314,1537684811788,5919637922,644648569705800
2025-12-11,삼성전자,005930,KR7005930003,KOSPI,107300,-700,-0.65,109200,110500,107300,22994507,2490050541672,5919637922,635177149030600
2025-12-10,삼성전자,005930,KR7005930003,KOSPI,108000,-400,-0.37,108300,109800,107400,12365092,1339076683680,5919637922,639320895576000
2025-12-09,삼성전자,005930,KR7005930003,KOSPI,108400,-1100,-1.0,108900,109400,107300,13671800,1482781413052,5919637922,641688750744800
2025-12-08,삼성전자,005930,KR7005930003,KOSPI,109500,1100,1.01,109700,110000,108000,15527762,1697092217750,5919637922,648200352459000
2025-12-05,삼성전자,005930,KR7005930003,KOSPI,108400,3300,3.14,105300,108400,104600,19755571,2110938031640,5919637922,641688750744800
2025-12-04,삼성전자,005930,KR7005930003,KOSPI,105100,600,0.57,103900,105100,103200,11931145,1243000736272,5919637922,622153945602200
2025-12-03,삼성전자,005930,KR7005930003,KOSPI,104500,1100,1.06,104700,105500,104000,14697927,1541179456000,5919637922,618602162849000
2025-12-02,삼성전자,005930,KR7005930003,KOSPI,103400,2600,2.58,101200,103500,101000,13649487,1401469615424,5919637922,612090561134800
2025-12-01,삼성전자,005930,KR7005930003,KOSPI,100800,300,0.3,102000,102800,99900,10905526,1101995992050,5919637922,596699502537600
2025-11-28,삼성전자,005930,KR7005930003,KOSPI,100500,-3000,-2.9,103800,103800,100500,15292277,1548884266354,5919637922,594923611161000
2025-11-27,삼성전자,005930,KR7005930003,KOSPI,103500,700,0.68,104100,105500,102700,16453004,1713246599050,5919637922,612682524927000
2025-11-26,삼성전자,005930,KR7005930003,KOSPI,102800,3500,3.52,100500,102900,99300,21314975,2159034953350,5919637922,608538778381600
2025-11-25,삼성전자,005930,KR7005930003,KOSPI,99300,2600,2.69,101400,101400,97800,16110054,1602730841700,5919637922,587820045654600
2025-11-24,삼성전자,005930,KR7005930003,KOSPI,96700,1900,2.0,97800,99000,96200,29831172,2908768341130,5919637922,572428987057400
2025-11-21,삼성전자,005930,KR7005930003,KOSPI,94800,-5800,-5.77,95600,96800,94500,23103574,2204245251690,5919637922,561181675005600
2025-11-20,삼성전자,005930,KR7005930003,KOSPI,100600,4100,4.25,100900,102900,99500,25360435,2568225958163,5919637922,595515574953200
2025-11-19,삼성전자,005930,KR7005930003,KOSPI,96500,-1300,-1.33,97100,97500,94600,18993346,1787980830810,5919637922,571245059473000
2025-11-18,삼성전자,005930,KR7005930003,KOSPI,97800,-2800,-2.78,99800,100900,97500,18684068,1844179134100,5919637922,578940588771600
2025-11-17,삼성전자,005930,KR7005930003,KOSPI,100600,3400,3.5,99800,101000,99500,17192584,1724130858810,5919637922,595515574953200
2025-11-14,삼성전자,005930,KR7005930003,KOSPI,97200,-5600,-5.45,99000,99600,97200,21806342,2147749334700,5919637922,575388806018400
2025-11-13,삼성전자,005930,KR7005930003,KOSPI,102800,-300,-0.29,102500,104200,102300,20838741,2148169322300,5919637922,608538778381600
2025-11-12,삼성전자,005930,KR7005930003,KOSPI,103100,-400,-0.39,103000,103900,101600,19413497,1998502530464,5919637922,610314669758200
2025-11-11,삼성전자,005930,KR7005930003,KOSPI,103500,2900,2.88,103700,106000,102000,27742542,2891284191696,5919637922,612682524927000
2025-11-10,삼성전자,005930,KR7005930003,KOSPI,100600,2700,2.76,98600,101000,97900,23842327,2378589265170,5919637922,595515574953200
2025-11-07,삼성전자,005930,KR7005930003,KOSPI,97900,-1300,-1.31,96400,100300,96300,22908083,2246165668512,5919637922,579532552563800
2025-11-06,삼성전자,005930,KR7005930003,KOSPI,99200,-1400,-1.39,103700,103800,98800,28655689,2879395591412,5919637922,587228081862400
2025-11-05,삼성전자,005930,KR7005930003,KOSPI,100600,-4300,-4.1,101000,102000,96700,44843020,4472837142000,5919637922,595515574953200
2025-11-04,삼성전자,005930,KR7005930003,KOSPI,104900,-6200,-5.58,111800,112400,104900,30450281,3288827318350,5919637922,620970018017800
2025-11-03,삼성전자,005930,KR7005930003,KOSPI,111100,3600,3.35,106900,111500,106500,30110066,3295567406580,5919637922,657671773134200
2025-10-31,삼성전자,005930,KR7005930003,KOSPI,107500,3400,3.27,105000,108600,103300,54824564,5744254696496,5919637922,636361076615000
2025-10-30,삼성전자,005930,KR7005930003,KOSPI,104100,3600,3.58,102400,105800,102000,34570017,3591285130855,5919637922,616234307680200
2025-10-29,삼성전자,005930,KR7005930003,KOSPI,100500,1000,1.01,100200,101000,99100,20899788,2092397701550,5919637922,594923611161000
2025-10-28,삼성전자,005930,KR7005930003,KOSPI,99500,-2500,-2.45,100900,101000,99100,20002282,1994943413477,5919637922,589003973239000
2025-10-27,삼성전자,005930,KR7005930003,KOSPI,102000,3200,3.24,101300,102000,100600,22169970,2250615426550,5919637922,603803068044000
2025-10-24,삼성전자,005930,KR7005930003,KOSPI,98800,2300,2.38,97900,99000,97700,18801925,1852510715919,5919637922,584860226693600
2025-10-23,삼성전자,005930,KR7005930003,KOSPI,96500,-2100,-2.13,96800,98500,96300,18488581,1796781660790,5919637922,571245059473000
2025-10-22,삼성전자,005930,KR7005930003,KOSPI,98600,1100,1.13,97100,98600,95500,15937611,1547962213088,5919637922,583676299109200
2025-10-21,삼성전자,005930,KR7005930003,KOSPI,97500,-600,-0.61,98500,99900,97300,22803830,2252645721374,5919637922,577164697395000
2025-10-20,삼성전자,005930,KR7005930003,KOSPI,98100,200,0.2,97900,98300,96000,17589756,1714999925050,5919637922,580716480148200
2025-10-17,삼성전자,005930,KR7005930003,KOSPI,97900,200,0.2,97200,99100,96700,22730809,2225132112442,5919637922,579532552563800
2025-10-16,삼성전자,005930,KR7005930003,KOSPI,97700,2700,2.84,95300,97700,95000,28141060,2728362196400,5919637922,578348624979400
2025-10-15,삼성전자,005930,KR7005930003,KOSPI,95000,3400,3.71,92300,95300,92100,21050111,1978832965007,5919637922,562365602590000
2025-10-14,삼성전자,005930,KR7005930003,KOSPI,91600,-1700,-1.82,95300,96000,90200,35545235,3312011003250,5919637922,542238833655200
2025-10-13,삼성전자,005930,KR7005930003,KOSPI,93300,-1100,-1.17,91300,93400,90700,23883308,2197370665497,5919637922,552302218122600
2025-10-10,삼성전자,005930,KR7005930003,KOSPI,94400,5400,6.07,94000,94500,92700,35269748,3311084659050,5919637922,558813819836800
2025-10-02,삼성전자,005930,KR7005930003,KOSPI,89000,3000,3.49,89300,90300,88700,49883028,4472131514922,5919637922,526847775058000
2025-10-01,삼성전자,005930,KR7005930003,KOSPI,86000,2100,2.5,84900,86200,84700,22039361,1886160393690,5919637922,509088861292000
2025-09-30,삼성전자,005930,KR7005930003,KOSPI,83900,-300,-0.36,84600,84900,83400,16319061,1371831147850,5919637922,496657621655800
2025-09-29,삼성전자,005930,KR7005930003,KOSPI,84200,900,1.08,83300,85000,83200,13069094,1102882949950,5919637922,498433513032400
2025-09-26,삼성전자,005930,KR7005930003,KOSPI,83300,-2800,-3.25,85000,85300,82400,24071193,2011031686444,5919637922,493105838902600
2025-09-25,삼성전자,005930,KR7005930003,KOSPI,86100,700,0.82,84400,86200,84100,19665151,1683395911552,5919637922,509680825084200
2025-09-24,삼성전자,005930,KR7005930003,KOSPI,85400,700,0.83,84200,85500,83700,18300997,1550295255940,5919637922,505537078538800
2025-09-23,삼성전자,005930,KR7005930003,KOSPI,84700,1200,1.44,85800,85900,83600,23610263,2000621182255,5919637922,501393331993400
2025-09-22,삼성전자,005930,KR7005930003,KOSPI,83500,3800,4.77,81500,84000,81100,27529656,2288084255150,5919637922,494289766487000
2025-09-19,삼성전자,005930,KR7005930003,KOSPI,79700,-800,-0.99,81100,81200,79600,20898386,1672547819584,5919637922,471795142383400
2025-09-18,삼성전자,005930,KR7005930003,KOSPI,80500,2300,2.94,79100,80500,78600,25619035,2046310025896,5919637922,476530852721000
2025-09-17,삼성전자,005930,KR7005930003,KOSPI,78200,-1200,-1.51,79100,79100,77100,20856317,1630232349162,5919637922,462915685500400
2025-09-16,삼성전자,005930,KR7005930003,KOSPI,79400,2900,3.79,76900,79500,76700,28218265,2211426330044,5919637922,470019251006800
2025-09-15,삼성전자,005930,KR7005930003,KOSPI,76500,1100,1.46,77200,77600,75900,19908805,1529429370850,5919637922,452852301033000
2025-09-12,삼성전자,005930,KR7005930003,KOSPI,75400,2000,2.72,74600,75600,74200,28219678,2118000956450,5919637922,446340699318800
2025-09-11,삼성전자,005930,KR7005930003,KOSPI,73400,800,1.1,73200,73600,72100,20793501,1518036265100,5919637922,434501423474800
2025-09-10,삼성전자,005930,KR7005930003,KOSPI,72600,1100,1.54,71800,72800,71600,21928565,1589672409520,5919637922,429765713137200
2025-09-09,삼성전자,005930,KR7005930003,KOSPI,71500,1400,2.0,70100,71500,70000,14870245,1055356549000,5919637922,423254111423000
2025-09-08,삼성전자,005930,KR7005930003,KOSPI,70100,600,0.86,69800,70500,69600,9263135,648524943367,5919637922,414966618332200
2025-09-05,삼성전자,005930,KR7005930003,KOSPI,69500,-600,-0.86,70300,70400,69500,11526724,804641532850,5919637922,411414835579000
2025-09-04,삼성전자,005930,KR7005930003,KOSPI,70100,300,0.43,69500,70100,69300,12284414,855350153007,5919637922,414966618332200
2025-09-03,삼성전자,005930,KR7005930003,KOSPI,69800,700,1.01,69200,69800,68800,10283009,714517209150,5919637922,413190726955600
2025-09-02,삼성전자,005930,KR7005930003,KOSPI,69100,1500,2.22,67800,69500,67800,10604028,731582866980,5919637922,409046980410200
2025-09-01,삼성전자,005930,KR7005930003,KOSPI,67600,-2100,-3.01,68400,68600,67500,12002343,815938773100,5919637922,400167523527200
2025-08-29,삼성전자,005930,KR7005930003,KOSPI,69700,100,0.14,70100,70500,69700,11682267,817253503600,5919637922,412598763163400
2025-08-28,삼성전자,005930,KR7005930003,KOSPI,69600,-1000,-1.42,70100,70400,69600,11578024,810422565900,5919637922,412006799371200
2025-08-27,삼성전자,005930,KR7005930003,KOSPI,70600,300,0.43,70100,70900,69800,10523405,741245805000,5919637922,417926437293200
2025-08-26,삼성전자,005930,KR7005930003,KOSPI,70300,-1200,-1.68,70800,71100,70300,14712519,1037834198800,5919637922,416150545916600
2025-08-25,삼성전자,005930,KR7005930003,KOSPI,71500,100,0.14,71700,71800,71000,10345178,737888335300,5919637922,423254111423000
2025-08-22,삼성전자,005930,KR7005930003,KOSPI,71400,800,1.13,71700,71800,70800,9277432,662245936652,5919637922,422662147630800
2025-08-21,삼성전자,005930,KR7005930003,KOSPI,70600,100,0.14,71500,71900,70600,18843833,1346119238787,5919637922,417926437293200
2025-08-20,삼성전자,005930,KR7005930003,KOSPI,70500,500,0.71,70100,70700,69400,17445516,1224601970500,5919637922,417334473501000
2025-08-19,삼성전자,005930,KR7005930003,KOSPI,70000,0,0.0,70400,70700,69700,10533082,738974304800,5919637922,414374654540000
2025-08-18,삼성전자,005930,KR7005930003,KOSPI,70000,-1600,-2.23,71100,71200,70000,13595591,956707246500,5919637922,414374654540000
2025-08-14,삼성전자,005930,KR7005930003,KOSPI,71600,-300,-0.42,71900,71900,71200,11946122,855002690211,5919637922,423846075215200
2025-08-13,삼성전자,005930,KR7005930003,KOSPI,71900,800,1.13,71900,72100,71400,12305742,882862974150,5919637922,425621966591800
2025-08-12,삼성전자,005930,KR7005930003,KOSPI,71100,100,0.14,71100,72400,71100,15797656,1131563720442,5919637922,420886256254200
2025-08-11,삼성전자,005930,KR7005930003,KOSPI,71000,-800,-1.11,72000,72100,70800,11354253,808470078650,5919637922,420294292462000
2025-08-08,삼성전자,005930,KR7005930003,KOSPI,71800,1300,1.84,71000,72400,70700,22241128,1593485781518,5919637922,425030002799600
2025-08-07,삼성전자,005930,KR7005930003,KOSPI,70500,1700,2.47,70800,71000,69700,15008213,1055402519950,5919637922,417334473501000
2025-08-06,삼성전자,005930,KR7005930003,KOSPI,68800,-1100,-1.57,69200,69400,68300,12542415,863115544500,5919637922,407271089033600
2025-08-05,삼성전자,005930,KR7005930003,KOSPI,69900,200,0.29,71000,71500,69700,14392903,1012313553300,5919637922,413782690747800
2025-08-04,삼성전자,005930,KR7005930003,KOSPI,69700,800,1.16,69500,70200,68700,14780072,1030549721600,5919637922,412598763163400
2025-08-01,삼성전자,005930,KR7005930003,KOSPI,68900,-2500,-3.5,70200,72000,68800,24038534,1680885451444,5919637922,407863052825800
2025-07-31,삼성전자,005930,KR7005930003,KOSPI,71400,-1200,-1.65,73000,74000,71000,26568072,1907638117550,5919637922,422662147630800
2025-07-30,삼성전자,005930,KR7005930003,KOSPI,72600,2000,2.83,71000,73700,70600,34761444,2521446314798,5919637922,429765713137200
2025-07-29,삼성전자,005930,KR7005930003,KOSPI,70600,200,0.28,70800,70800,68800,28190940,1977721049950,5919637922,417926437293200
2025-07-28,삼성전자,005930,KR7005930003,KOSPI,70400,4500,6.83,68200,70400,67200,35332500,2431396606750,5919637922,416742509708800
2025-07-25,삼성전자,005930,KR7005930003,KOSPI,65900,-100,-0.15,65700,66300,65500,8080910,532537113250,5919637922,390104139059800
2025-07-24,삼성전자,005930,KR7005930003,KOSPI,66000,-400,-0.6,66500,66800,65900,12660193,839577050200,5919637922,390696102852000
2025-07-23,삼성전자,005930,KR7005930003,KOSPI,66400,400,0.61,66200,66500,64900,15687058,1033696388650,5919637922,393063958020800
2025-07-22,삼성전자,005930,KR7005930003,KOSPI,66000,-1800,-2.65,68100,68500,65600,20829006,1389855801518,5919637922,390696102852000
2025-07-21,삼성전자,005930,KR7005930003,KOSPI,67800,700,1.04,67400,68800,67200,17723148,1204016863750,5919637922,401351451111600
2025-07-18,삼성전자,005930,KR7005930003,KOSPI,67100,400,0.6,67000,67800,66300,23951531,1607581620750,5919637922,397207704566200
2025-07-17,삼성전자,005930,KR7005930003,KOSPI,66700,2000,3.09,65900,66800,64400,39448683,2597601930887,5919637922,394839849397400
2025-07-16,삼성전자,005930,KR7005930003,KOSPI,64700,1000,1.57,63700,64700,63100,23042660,1479498248637,5919637922,383000573553400
2025-07-15,삼성전자,005930,KR7005930003,KOSPI,63700,1200,1.92,62300,63800,62000,18442202,1164848565258,5919637922,377080935631400
2025-07-14,삼성전자,005930,KR7005930003,KOSPI,62500,-100,-0.16,62300,62600,61800,13563846,843866596500,5919637922,369977370125000
2025-07-11,삼성전자,005930,KR7005930003,KOSPI,62600,1600,2.62,61300,62800,61200,19140650,1193447629850,5919637922,370569333917200
2025-07-10,삼성전자,005930,KR7005930003,KOSPI,61000,600,0.99,60600,61200,60400,14768473,899089116094,5919637922,361097913242000
2025-07-09,삼성전자,005930,KR7005930003,KOSPI,60400,-1000,-1.63,61400,61400,60200,17533415,1062832478300,5919637922,357546130488800
2025-07-08,삼성전자,005930,KR7005930003,KOSPI,61400,-300,-0.49,61600,62400,61000,20213724,1243103108550,5919637922,363465768410800
2025-07-07,삼성전자,005930,KR7005930003,KOSPI,61700,-1600,-2.53,62900,63300,61700,17164708,1069011093850,5919637922,365241659787400
2025-07-04,삼성전자,005930,KR7005930003,KOSPI,63300,-500,-0.78,64700,64700,63000,23748959,1509810934320,5919637922,374713080462600
2025-07-03,삼성전자,005930,KR7005930003,KOSPI,63800,3000,4.93,61300,63800,61100,32040639,2006401108350,5919637922,377672899423600
2025-07-02,삼성전자,005930,KR7005930003,KOSPI,60800,600,1.0,60200,60900,59800,15047951,909032914400,5919637922,359913985657600
2025-07-01,삼성전자,005930,KR7005930003,KOSPI,60200,400,0.67,60400,61100,60200,13650991,827468756700,5919637922,356362202904400
2025-06-30,삼성전자,005930,KR7005930003,KOSPI,59800,-1000,-1.64,61200,61200,59800,17110294,1030779273850,5919637922,353994347735600
2025-06-27,삼성전자,005930,KR7005930003,KOSPI,60800,600,1.0,60100,61600,60000,17340470,1053939281525,5919637922,359913985657600
2025-06-26,삼성전자,005930,KR7005930003,KOSPI,60200,-1100,-1.79,61300,61300,59900,19402300,1171824855134,5919637922,356362202904400
2025-06-25,삼성전자,005930,KR7005930003,KOSPI,61300,800,1.32,61500,61600,60300,23933612,1457360417042,5919637922,362873804618600
2025-06-24,삼성전자,005930,KR7005930003,KOSPI,60500,2500,4.31,59400,60600,59300,23737899,1427748806035,5919637922,358138094281000
2025-06-23,삼성전자,005930,KR7005930003,KOSPI,58000,-1500,-2.52,58400,58500,57600,16551694,960057464892,5919637922,343338999476000
2025-06-20,삼성전자,005930,KR7005930003,KOSPI,59500,300,0.51,59400,59800,59100,18072251,1074365743369,5919637922,352218456359000
2025-06-19,삼성전자,005930,KR7005930003,KOSPI,59200,-600,-1.0,60500,60600,59000,16876278,1003457299850,5919637922,350442564982400
2025-06-18,삼성전자,005930,KR7005930003,KOSPI,59800,1700,2.93,58000,59800,57900,17620705,1042740697200,5919637922,353994347735600
2025-06-17,삼성전자,005930,KR7005930003,KOSPI,58100,900,1.57,57800,59800,57400,28637003,1679975838250,5919637922,343930963268200
2025-06-16,삼성전자,005930,KR7005930003,KOSPI,57200,-1100,-1.89,58000,58100,56900,22200872,1270631109015,5919637922,338603289138400
2025-06-13,삼성전자,005930,KR7005930003,KOSPI,58300,-1200,-2.02,60200,60200,57700,20705979,1210886326580,5919637922,345114890852600
2025-06-12,삼성전자,005930,KR7005930003,KOSPI,59500,-400,-0.67,59700,60000,59300,17755115,1057637167800,5919637922,352218456359000
2025-06-11,삼성전자,005930,KR7005930003,KOSPI,59900,700,1.18,59500,60100,59400,13610734,813621164500,5919637922,354586311527800
2025-06-10,삼성전자,005930,KR7005930003,KOSPI,59200,-600,-1.0,60000,60100,58800,15305760,906586997415,5919637922,350442564982400
2025-06-09,삼성전자,005930,KR7005930003,KOSPI,59800,700,1.18,60400,60400,59500,19609659,1177551114571,5919637922,353994347735600
2025-06-05,삼성전자,005930,KR7005930003,KOSPI,59100,1300,2.25,58100,59900,57900,23266027,1374247336436,5919637922,349850601190200
2025-06-04,삼성전자,005930,KR7005930003,KOSPI,57800,1000,1.76,57200,57900,56800,19649983,1130355068006,5919637922,342155071891600
2025-06-02,삼성전자,005930,KR7005930003,KOSPI,56800,600,1.07,56300,57300,56200,12870515,730318709208,5919637922,336235433969600
2025-05-30,삼성전자,005930,KR7005930003,KOSPI,56200,100,0.18,56200,57200,55800,26219683,1480158775742,5919637922,332683651216400
2025-05-29,삼성전자,005930,KR7005930003,KOSPI,56100,200,0.36,56200,56400,55600,12936810,725423589100,5919637922,332091687424200
2025-05-28,삼성전자,005930,KR7005930003,KOSPI,55900,2000,3.71,54300,56100,54200,17516283,973210169800,5919637922,330907759839800
2025-05-27,삼성전자,005930,KR7005930003,KOSPI,53900,-800,-1.46,54200,54500,53800,13439520,726274713400,5919637922,319068483995800
2025-05-26,삼성전자,005930,KR7005930003,KOSPI,54700,500,0.92,53900,55000,53700,10901337,592151080050,5919637922,323804194333400
2025-05-23,삼성전자,005930,KR7005930003,KOSPI,54200,-500,-0.91,55000,55200,54100,11247115,613226703800,5919637922,320844375372400
2025-05-22,삼성전자,005930,KR7005930003,KOSPI,54700,-1000,-1.8,55300,55500,54500,15254278,836539466150,5919637922,323804194333400
2025-05-21,삼성전자,005930,KR7005930003,KOSPI,55700,-200,-0.36,56200,56600,55700,7794181,436952856950,5919637922,329723832255400
2025-05-20,삼성전자,005930,KR7005930003,KOSPI,55900,100,0.18,56200,56700,55700,9080577,509071853300,5919637922,330907759839800
2025-05-19,삼성전자,005930,KR7005930003,KOSPI,55800,-1000,-1.76,56400,56400,55500,9802105,547396316550,5919637922,330315796047600
2025-05-16,삼성전자,005930,KR7005930003,KOSPI,56800,-500,-0.87,57400,57500,56700,10385352,591058106600,5919637922,336235433969600
2025-05-15,삼성전자,005930,KR7005930003,KOSPI,57300,-100,-0.17,57400,58600,57100,13139736,758309165800,5919637922,339195252930600
2025-05-14,삼성전자,005930,KR7005930003,KOSPI,57400,500,0.88,57500,57900,57000,12468089,716126374400,5919637922,339787216722800
2025-05-13,삼성전자,005930,KR7005930003,KOSPI,56900,-700,-1.22,57700,58200,56800,16842801,964867366600,5919637922,336827397761800
2025-05-12,삼성전자,005930,KR7005930003,KOSPI,57600,2800,5.11,55200,57600,55000,15414702,865629368100,5919637922,340971144307200
2025-05-09,삼성전자,005930,KR7005930003,KOSPI,54800,200,0.37,54700,55000,54400,7814322,427710077350,5919637922,324396158125600
2025-05-08,삼성전자,005930,KR7005930003,KOSPI,54600,0,0.0,55100,55500,54500,16320532,894447365150,5919637922,323212230541200
2025-05-07,삼성전자,005930,KR7005930003,KOSPI,54600,300,0.55,54500,55000,54300,17136991,934599688925,5919637922,323212230541200
2025-05-02,삼성전자,005930,KR7005930003,KOSPI,54300,-1200,-2.16,55000,55500,54200,22454204,1227727373850,5919637922,321436339164600
2025-04-30,삼성전자,005930,KR7005930003,KOSPI,55500,-300,-0.54,55900,56000,55300,13014189,723346232700,5919637922,328539904671000
2025-04-29,삼성전자,005930,KR7005930003,KOSPI,55800,0,0.0,55700,56500,55600,10295518,576762268048,5919637922,330315796047600
2025-04-28,삼성전자,005930,KR7005930003,KOSPI,55800,100,0.18,55800,55900,55500,9341518,520363061706,5919637922,330315796047600
2025-04-25,삼성전자,005930,KR7005930003,KOSPI,55700,0,0.0,56400,56400,55600,12183303,681776346900,5919637922,329723832255400
2025-04-24,삼성전자,005930,KR7005930003,KOSPI,55700,0,0.0,55600,55800,55200,10580377,587440411598,5919637922,329723832255400
2025-04-23,삼성전자,005930,KR7005930003,KOSPI,55700,700,1.27,56000,56100,55500,11148692,622062616030,5919637922,329723832255400
2025-04-22,삼성전자,005930,KR7005930003,KOSPI,55000,-400,-0.72,54900,55500,54700,9532469,524575582650,5919637922,325580085710000
2025-04-21,삼성전자,005930,KR7005930003,KOSPI,55400,100,0.18,55200,56000,55100,5941847,329494931450,5919637922,327947940878800
2025-04-18,삼성전자,005930,KR7005930003,KOSPI,55300,200,0.36,55300,55600,54900,5848342,323289923300,5919637922,327355977086600
2025-04-17,삼성전자,005930,KR7005930003,KOSPI,55100,400,0.73,54700,55300,54500,10867069,597524532250,5919637922,326172049502200
2025-04-16,삼성전자,005930,KR7005930003,KOSPI,54700,-1900,-3.36,56000,56200,54500,14437025,795695286400,5919637922,323804194333400
2025-04-15,삼성전자,005930,KR7005930003,KOSPI,56600,400,0.71,56300,57100,56200,8998640,510390643850,5919637922,335051506385200
2025-04-14,삼성전자,005930,KR7005930003,KOSPI,56200,1000,1.81,56300,56700,55800,12852613,722365102751,5919637922,332683651216400
2025-04-11,삼성전자,005930,KR7005930003,KOSPI,55200,-1200,-2.13,55600,55700,54800,13930480,768599025700,5919637922,326764013294400
2025-04-10,삼성전자,005930,KR7005930003,KOSPI,56400,3400,6.42,56600,56700,55000,22948172,1287044405375,5919637922,333867578800800
2025-04-09,삼성전자,005930,KR7005930003,KOSPI,53000,-500,-0.93,53300,54300,52900,20576960,1101141051250,5919637922,313740809866000
2025-04-08,삼성전자,005930,KR7005930003,KOSPI,53500,300,0.56,55000,55300,53300,25532845,1382305707900,5919637922,316700628827000
2025-04-07,삼성전자,005930,KR7005930003,KOSPI,53200,-2900,-5.17,53300,54100,53100,31998883,1713617858300,5919637922,314924737450400
2025-04-04,삼성전자,005930,KR7005930003,KOSPI,56100,-1500,-2.6,56200,58200,55700,23527139,1330710237050,5919637922,332091687424200
2025-04-03,삼성전자,005930,KR7005930003,KOSPI,57600,-1200,-2.04,56900,57800,56900,19508076,1118162896800,5919637922,340971144307200
2025-04-02,삼성전자,005930,KR7005930003,KOSPI,58800,0,0.0,58800,59400,58300,14402297,847775481500,5919637922,348074709813600
2025-04-01,삼성전자,005930,KR7005930003,KOSPI,58800,1000,1.73,58700,59600,57900,13841706,813516599850,5919637922,348074709813600
2025-03-31,삼성전자,005930,KR7005930003,KOSPI,57800,-2400,-3.99,59500,59700,57800,17633494,1029323854400,5919637922,342155071891600
2025-03-28,삼성전자,005930,KR7005930003,KOSPI,60200,-1600,-2.59,60700,61100,60000,16282514,983699710050,5919637922,356362202904400
2025-03-27,삼성전자,005930,KR7005930003,KOSPI,61800,400,0.65,60900,62000,60800,20389790,1256945832435,5919637922,365833623579600
2025-03-26,삼성전자,005930,KR7005930003,KOSPI,61400,1600,2.68,59800,61400,59700,16431645,1001626513602,5919637922,363465768410800
2025-03-25,삼성전자,005930,KR7005930003,KOSPI,59800,-700,-1.16,60900,61100,59500,17259455,1039802205362,5919637922,353994347735600
2025-03-24,삼성전자,005930,KR7005930003,KOSPI,60500,-1200,-1.94,61200,61600,60500,14088094,860212862100,5919637922,358138094281000
2025-03-21,삼성전자,005930,KR7005930003,KOSPI,61700,1500,2.49,60900,61700,60400,40155612,2460691162900,5919637922,365241659787400
2025-03-20,삼성전자,005930,KR7005930003,KOSPI,60200,1700,2.91,59200,60300,58500,34989004,2088152199012,5919637922,356362202904400
2025-03-19,삼성전자,005930,KR7005930003,KOSPI,58500,900,1.56,57400,59200,57400,29421759,1727220604750,5919637922,346298818437000
2025-03-18,삼성전자,005930,KR7005930003,KOSPI,57600,0,0.0,58800,59000,57300,28138594,1638462319270,5919637922,340971144307200
2025-03-17,삼성전자,005930,KR7005930003,KOSPI,57600,2900,5.3,55500,57800,55400,35559021,2036156585500,5919637922,340971144307200
2025-03-14,삼성전자,005930,KR7005930003,KOSPI,54700,0,0.0,54500,55100,54400,10845154,594158589200,5919637922,323804194333400
2025-03-13,삼성전자,005930,KR7005930003,KOSPI,54700,-200,-0.36,55800,55900,54200,24132151,1327792389578,5919637922,323804194333400
2025-03-12,삼성전자,005930,KR7005930003,KOSPI,54900,1300,2.43,53800,55300,53600,17973221,983462164612,5919637922,324988121917800
2025-03-11,삼성전자,005930,KR7005930003,KOSPI,53600,-100,-0.19,52500,54100,52500,17740891,944012331050,5919637922,317292592619200
2025-03-10,삼성전자,005930,KR7005930003,KOSPI,53700,0,0.0,53500,54800,53500,12921670,699340880450,5919637922,317884556411400
2025-03-07,삼성전자,005930,KR7005930003,KOSPI,53700,-600,-1.1,53500,54200,53400,14274992,768393784787,5919637922,317884556411400
2025-03-06,삼성전자,005930,KR7005930003,KOSPI,54300,300,0.56,54100,54500,54000,12258101,664504901310,5919637922,321436339164600
2025-03-05,삼성전자,005930,KR7005930003,KOSPI,54000,-500,-0.92,55100,55400,54000,16578817,902621801920,5969782550,322368257700000
2025-03-04,삼성전자,005930,KR7005930003,KOSPI,54500,0,0.0,53900,55000,53800,18553933,1010214633015,5969782550,325353148975000
2025-02-28,삼성전자,005930,KR7005930003,KOSPI,54500,-1800,-3.2,55400,55700,54500,28036698,1540205401313,5969782550,325353148975000
2025-02-27,삼성전자,005930,KR7005930003,KOSPI,56300,-300,-0.53,56500,57100,56200,14975356,846530583128,5969782550,336098757565000
2025-02-26,삼성전자,005930,KR7005930003,KOSPI,56600,-600,-1.05,57000,57100,56100,18117091,1024931423600,5969782550,337889692330000
2025-02-25,삼성전자,005930,KR7005930003,KOSPI,57200,-100,-0.17,56600,57800,56500,14625181,837240466372,5969782550,341471561860000
2025-02-24,삼성전자,005930,KR7005930003,KOSPI,57300,-900,-1.55,57300,57700,57200,14138471,811217100550,5969782550,342068540115000
2025-02-21,삼성전자,005930,KR7005930003,KOSPI,58200,-200,-0.34,58400,58500,57100,22198428,1281507475862,5969782550,347441344410000
2025-02-20,삼성전자,005930,KR7005930003,KOSPI,58400,-300,-0.51,59100,59100,58100,21589059,1264910439050,5969782550,348635300920000
2025-02-19,삼성전자,005930,KR7005930003,KOSPI,58700,1800,3.16,57400,58900,57300,25395151,1481741681100,5969782550,350426235685000
2025-02-18,삼성전자,005930,KR7005930003,KOSPI,56900,900,1.61,56200,57200,55900,22131007,1254587816860,5969782550,339680627095000
2025-02-17,삼성전자,005930,KR7005930003,KOSPI,56000,0,0.0,56100,56500,55700,11916027,667145670500,5969782550,334307822800000
2025-02-14,삼성전자,005930,KR7005930003,KOSPI,56000,200,0.36,56000,57300,56000,23979779,1354475009700,5969782550,334307822800000
2025-02-13,삼성전자,005930,KR7005930003,KOSPI,55800,0,0.0,56100,56400,55600,22448377,1256946474000,5969782550,333113866290000
2025-02-12,삼성전자,005930,KR7005930003,KOSPI,55800,100,0.18,55100,55900,54500,26428596,1460112004958,5969782550,333113866290000
2025-02-11,삼성전자,005930,KR7005930003,KOSPI,55700,100,0.18,55500,56300,55000,24596196,1370657724557,5969782550,332516888035000
2025-02-10,삼성전자,005930,KR7005930003,KOSPI,55600,1900,3.54,53000,55900,52900,27577591,1505750553500,5969782550,331919909780000
2025-02-07,삼성전자,005930,KR7005930003,KOSPI,53700,-300,-0.56,53900,54200,53600,14476866,779741308604,5969782550,320577322935000
2025-02-06,삼성전자,005930,KR7005930003,KOSPI,54000,1100,2.08,53400,54000,53200,16466025,881509435950,5969782550,322368257700000
2025-02-05,삼성전자,005930,KR7005930003,KOSPI,52900,200,0.38,53600,53800,52800,15974885,849379788350,5969782550,315801496895000
2025-02-04,삼성전자,005930,KR7005930003,KOSPI,52700,1700,3.33,51600,53600,51500,27214851,1437276277799,5969782550,314607540385000
2025-02-03,삼성전자,005930,KR7005930003,KOSPI,51000,-1400,-2.67,51100,51400,50800,32344897,1649571739100,5969782550,304458910050000
2025-01-31,삼성전자,005930,KR7005930003,KOSPI,52400,-1300,-2.42,52200,53000,51700,42186279,2207004262250,5969782550,312816605620000
2025-01-24,삼성전자,005930,KR7005930003,KOSPI,53700,0,0.0,53600,53800,53200,11867631,635529275550,5969782550,320577322935000
2025-01-23,삼성전자,005930,KR7005930003,KOSPI,53700,-600,-1.1,53700,54100,53500,15588067,837442426072,5969782550,320577322935000
2025-01-22,삼성전자,005930,KR7005930003,KOSPI,54300,800,1.5,53400,54400,53100,18341991,984308176550,5969782550,324159192465000
2025-01-21,삼성전자,005930,KR7005930003,KOSPI,53500,100,0.19,53700,54300,53300,13535702,726599371000,5969782550,319383366425000
2025-01-20,삼성전자,005930,KR7005930003,KOSPI,53400,-300,-0.56,53600,53900,53300,11822531,633048956700,5969782550,318786388170000
2025-01-17,삼성전자,005930,KR7005930003,KOSPI,53700,-600,-1.1,53800,54100,53200,18805344,1007047374200,5969782550,320577322935000
2025-01-16,삼성전자,005930,KR7005930003,KOSPI,54300,600,1.12,54200,55000,54100,18627298,1014922869739,5969782550,324159192465000
2025-01-15,삼성전자,005930,KR7005930003,KOSPI,53700,-200,-0.37,54100,54700,53500,18625025,1005085420250,5969782550,320577322935000
2025-01-14,삼성전자,005930,KR7005930003,KOSPI,53900,-200,-0.37,54200,54600,53700,17465926,944534229000,5969782550,321771279445000
2025-01-13,삼성전자,005930,KR7005930003,KOSPI,54100,-1200,-2.17,54600,55000,54100,16868600,917178336730,5969782550,322965235955000
2025-01-10,삼성전자,005930,KR7005930003,KOSPI,55300,-800,-1.43,56100,56500,55200,16059223,893461579301,5969782550,330128975015000
2025-01-09,삼성전자,005930,KR7005930003,KOSPI,56100,-1200,-2.09,57600,57700,56100,24490592,1390326401200,5969782550,334904801055000
2025-01-08,삼성전자,005930,KR7005930003,KOSPI,57300,1900,3.43,54800,57500,54700,26593553,1508091102443,5969782550,342068540115000
2025-01-07,삼성전자,005930,KR7005930003,KOSPI,55400,-500,-0.89,56800,57300,55400,17030235,957161571300,5969782550,330725953270000
2025-01-06,삼성전자,005930,KR7005930003,KOSPI,55900,1500,2.76,54400,56200,54300,19034284,1058888590642,5969782550,333710844545000
2025-01-03,삼성전자,005930,KR7005930003,KOSPI,54400,1000,1.87,52800,55100,52800,19318046,1047542312930,5969782550,324756170720000
2025-01-02,삼성전자,005930,KR7005930003,KOSPI,53400,200,0.38,52700,53600,52300,16630538,878413120092,5969782550,318786388170000
2024-12-30,삼성전자,005930,KR7005930003,KOSPI,53200,-500,-0.93,53300,54000,53100,12624702,675489909100,5969782550,317592431660000
2024-12-27,삼성전자,005930,KR7005930003,KOSPI,53700,100,0.19,53500,54100,53200,10747196,576022861800,5969782550,320577322935000
2024-12-26,삼성전자,005930,KR7005930003,KOSPI,53600,-800,-1.47,54500,54600,53500,10517075,567623466300,5969782550,319980344680000
2024-12-24,삼성전자,005930,KR7005930003,KOSPI,54400,900,1.68,53700,54500,53600,11634677,629473076300,5969782550,324756170720000
2024-12-23,삼성전자,005930,KR7005930003,KOSPI,53500,500,0.94,53400,54000,53300,13672650,733841290400,5969782550,319383366425000
2024-12-20,삼성전자,005930,KR7005930003,KOSPI,53000,-100,-0.19,52700,53100,51900,24674774,1292090449863,5969782550,316398475150000
2024-12-19,삼성전자,005930,KR7005930003,KOSPI,53100,-1800,-3.28,53500,53800,53100,22481925,1200141805180,5969782550,316995453405000
2024-12-18,삼성전자,005930,KR7005930003,KOSPI,54900,700,1.29,54100,55400,54000,13698937,752377168292,5969782550,327741061995000
2024-12-17,삼성전자,005930,KR7005930003,KOSPI,54200,-1400,-2.52,54700,55200,54000,20215230,1099985271050,5969782550,323562214210000
2024-12-16,삼성전자,005930,KR7005930003,KOSPI,55600,-500,-0.89,56300,56600,55200,15277277,853550523900,5969782550,331919909780000
2024-12-13,삼성전자,005930,KR7005930003,KOSPI,56100,200,0.36,55800,56300,55500,15908823,890639761200,5969782550,334904801055000
2024-12-12,삼성전자,005930,KR7005930003,KOSPI,55900,1900,3.52,54000,56500,53900,33476698,1853172363530,5969782550,333710844545000
2024-12-11,삼성전자,005930,KR7005930003,KOSPI,54000,0,0.0,53600,54200,53400,14565947,784683216800,5969782550,322368257700000
2024-12-10,삼성전자,005930,KR7005930003,KOSPI,54000,600,1.12,54500,54500,53700,20783970,1122595992277,5969782550,322368257700000
2024-12-09,삼성전자,005930,KR7005930003,KOSPI,53400,-700,-1.29,53500,54600,53200,26227680,1409455892900,5969782550,318786388170000
2024-12-06,삼성전자,005930,KR7005930003,KOSPI,54100,400,0.74,53900,54400,52700,22861874,1232013102000,5969782550,322965235955000
2024-12-05,삼성전자,005930,KR7005930003,KOSPI,53700,600,1.13,53200,54400,53200,23588277,1270914173744,5969782550,320577322935000
2024-12-04,삼성전자,005930,KR7005930003,KOSPI,53100,-500,-0.93,52000,53400,52000,29004766,1533224160462,5969782550,316995453405000
2024-12-03,삼성전자,005930,KR7005930003,KOSPI,53600,0,0.0,53100,54400,53100,23374603,1257635151648,5969782550,319980344680000
2024-12-02,삼성전자,005930,KR7005930003,KOSPI,53600,-600,-1.11,54300,54400,53100,22044867,1184225188140,5969782550,319980344680000
2024-11-29,삼성전자,005930,KR7005930003,KOSPI,54200,-1300,-2.34,55100,55300,53800,24513531,1331023724400,5969782550,323562214210000
2024-11-28,삼성전자,005930,KR7005930003,KOSPI,55500,-800,-1.42,56000,56400,55200,20001134,1114564616052,5969782550,331322931525000
2024-11-27,삼성전자,005930,KR7005930003,KOSPI,56300,-2000,-3.43,57700,57800,56000,21808387,1236109255350,5969782550,336098757565000
2024-11-26,삼성전자,005930,KR7005930003,KOSPI,58300,400,0.69,57900,58900,57500,23209405,1350434011510,5969782550,348038322665000
2024-11-25,삼성전자,005930,KR7005930003,KOSPI,57900,1900,3.39,57400,57900,56700,36237325,2086462735928,5969782550,345650409645000
2024-11-22,삼성전자,005930,KR7005930003,KOSPI,56000,-400,-0.71,56000,56700,55900,15281543,860560563100,5969782550,334307822800000
2024-11-21,삼성전자,005930,KR7005930003,KOSPI,56400,1100,1.99,54900,56900,54700,19096850,1068199169900,5969782550,336695735820000
2024-11-20,삼성전자,005930,KR7005930003,KOSPI,55300,-1000,-1.78,56100,56500,54800,20864667,1156033483400,5969782550,330128975015000
2024-11-19,삼성전자,005930,KR7005930003,KOSPI,56300,-400,-0.71,56500,57500,55900,31539632,1786885263500,5969782550,336098757565000
2024-11-18,삼성전자,005930,KR7005930003,KOSPI,56700,3200,5.98,57000,57500,55900,48095234,2726095349068,5969782550,338486670585000
2024-11-15,삼성전자,005930,KR7005930003,KOSPI,53500,3600,7.21,50300,54200,50300,46774485,2464749360200,5969782550,319383366425000
2024-11-14,삼성전자,005930,KR7005930003,KOSPI,49900,-700,-1.38,50200,51800,49900,48510715,2465304011525,5969782550,297892149245000
2024-11-13,삼성전자,005930,KR7005930003,KOSPI,50600,-2400,-4.53,52000,53000,50500,52527995,2704092634132,5969782550,302070997030000
2024-11-12,삼성전자,005930,KR7005930003,KOSPI,53000,-2000,-3.64,54600,54600,53000,37962881,2037790866499,5969782550,316398475150000
2024-11-11,삼성전자,005930,KR7005930003,KOSPI,55000,-2000,-3.51,56700,56800,55000,29811326,1654820869900,5969782550,328338040250000
2024-11-08,삼성전자,005930,KR7005930003,KOSPI,57000,-500,-0.87,58000,58300,57000,13877396,799664427482,5969782550,340277605350000
2024-11-07,삼성전자,005930,KR7005930003,KOSPI,57500,200,0.35,56900,58100,56800,17043102,982114998400,5969782550,343262496625000
2024-11-06,삼성전자,005930,KR7005930003,KOSPI,57300,-300,-0.52,57600,58000,56300,22092218,1262148460900,5969782550,342068540115000
2024-11-05,삼성전자,005930,KR7005930003,KOSPI,57600,-1100,-1.87,57800,58100,57200,17484474,1007627262350,5969782550,343859474880000
2024-11-04,삼성전자,005930,KR7005930003,KOSPI,58700,400,0.69,58600,59400,58400,15586947,916941057220,5969782550,350426235685000
2024-11-01,삼성전자,005930,KR7005930003,KOSPI,58300,-900,-1.52,59000,59600,58100,19083180,1121093971420,5969782550,348038322665000
2024-10-31,삼성전자,005930,KR7005930003,KOSPI,59200,100,0.17,58500,61200,58300,35809196,2141845557150,5969782550,353411126960000
2024-10-30,삼성전자,005930,KR7005930003,KOSPI,59100,-500,-0.84,59100,59800,58600,19838511,1173730435406,5969782550,352814148705000
2024-10-29,삼성전자,005930,KR7005930003,KOSPI,59600,1500,2.58,58000,59600,57300,28369314,1668409859850,5969782550,355799039980000
2024-10-28,삼성전자,005930,KR7005930003,KOSPI,58100,2200,3.94,55700,58500,55700,27775009,1597162892050,5969782550,346844366155000
2024-10-25,삼성전자,005930,KR7005930003,KOSPI,55900,-700,-1.24,56000,56900,55800,25829315,1448167771502,5969782550,333710844545000
2024-10-24,삼성전자,005930,KR7005930003,KOSPI,56600,-2500,-4.23,58200,58500,56600,31499922,1809877767246,5969782550,337889692330000
2024-10-23,삼성전자,005930,KR7005930003,KOSPI,59100,1400,2.43,57500,60000,57100,27300780,1598545283036,5969782550,352814148705000
2024-10-22,삼성전자,005930,KR7005930003,KOSPI,57700,-1300,-2.2,58800,58900,57700,27582527,1604866816800,5969782550,344456453135000
2024-10-21,삼성전자,005930,KR7005930003,KOSPI,59000,-200,-0.34,59000,59600,58500,18514905,1092561695060,5969782550,352217170450000
2024-10-18,삼성전자,005930,KR7005930003,KOSPI,59200,-500,-0.84,59900,60100,59100,14420260,857377297200,5969782550,353411126960000
2024-10-17,삼성전자,005930,KR7005930003,KOSPI,59700,200,0.34,59400,60100,59100,23372873,1391873389950,5969782550,356396018235000
2024-10-16,삼성전자,005930,KR7005930003,KOSPI,59500,-1500,-2.46,59400,60000,59200,23303268,1389151960832,5969782550,355202061725000
2024-10-15,삼성전자,005930,KR7005930003,KOSPI,61000,200,0.33,61100,61400,60100,22715239,1381789051900,5969782550,364156735550000
2024-10-14,삼성전자,005930,KR7005930003,KOSPI,60800,1500,2.53,59500,61200,59400,20886249,1262857492687,5969782550,362962779040000
2024-10-11,삼성전자,005930,KR7005930003,KOSPI,59300,400,0.68,59100,60100,59000,29623969,1765728518988,5969782550,354008105215000
2024-10-10,삼성전자,005930,KR7005930003,KOSPI,58900,-1400,-2.32,60100,60200,58900,45262214,2687253337620,5969782550,351620192195000
2024-10-08,삼성전자,005930,KR7005930003,KOSPI,60300,-700,-1.15,60000,61000,59900,27411786,1652788512596,5969782550,359977887765000
2024-10-07,삼성전자,005930,KR7005930003,KOSPI,61000,400,0.66,60200,61900,59500,35066533,2118597389800,5969782550,364156735550000
2024-10-04,삼성전자,005930,KR7005930003,KOSPI,60600,-700,-1.14,61000,61700,60500,24247578,1480865292580,5969782550,361768822530000
2024-10-02,삼성전자,005930,KR7005930003,KOSPI,61300,-200,-0.33,60500,61900,59900,28473536,1737678269615,5969782550,365947670315000
2024-09-30,삼성전자,005930,KR7005930003,KOSPI,61500,-2700,-4.21,64200,64300,61500,32694163,2043449921900,5969782550,367141626825000
2024-09-27,삼성전자,005930,KR7005930003,KOSPI,64200,-500,-0.77,64700,65400,64200,28433030,1842321896031,5969782550,383260039710000
2024-09-26,삼성전자,005930,KR7005930003,KOSPI,64700,2500,4.02,63900,64900,63700,37566015,2417513255958,5969782550,386244930985000
2024-09-25,삼성전자,005930,KR7005930003,KOSPI,62200,-1000,-1.58,63800,64200,62200,28652438,1816598498400,5969782550,371320474610000
2024-09-24,삼성전자,005930,KR7005930003,KOSPI,63200,600,0.96,62800,63400,62400,26957500,1695341224952,5969782550,377290257160000
2024-09-23,삼성전자,005930,KR7005930003,KOSPI,62600,-400,-0.63,62300,63500,62200,28542376,1787973967000,5969782550,373708387630000
2024-09-20,삼성전자,005930,KR7005930003,KOSPI,63000,-100,-0.16,63800,64700,63000,32746056,2086233666488,5969782550,376096300650000
2024-09-19,삼성전자,005930,KR7005930003,KOSPI,63100,-1300,-2.02,64000,64400,62200,49402713,3115926466558,5969782550,376693278905000
2024-09-13,삼성전자,005930,KR7005930003,KOSPI,64400,-1900,-2.87,65000,65500,64300,25045135,1621747052400,5969782550,384453996220000
2024-09-12,삼성전자,005930,KR7005930003,KOSPI,66300,1400,2.16,66000,66600,65200,35884106,2369440968156,5969782550,395796583065000
2024-09-11,삼성전자,005930,KR7005930003,KOSPI,64900,-1300,-1.96,65100,65500,64200,35809707,2325181296712,5969782550,387438887495000
2024-09-10,삼성전자,005930,KR7005930003,KOSPI,66200,-1300,-1.93,67000,67300,66000,30651376,2041161645484,5969782550,395199604810000
2024-09-09,삼성전자,005930,KR7005930003,KOSPI,67500,-1400,-2.03,66900,68200,66600,23263298,1566504915737,5969782550,402960322125000
2024-09-06,삼성전자,005930,KR7005930003,KOSPI,68900,-100,-0.14,69100,69700,68000,19022299,1309833642247,5969782550,411318017695000
2024-09-05,삼성전자,005930,KR7005930003,KOSPI,69000,-1000,-1.43,70100,71200,69000,25686769,1795890039418,5969782550,411914995950000
2024-09-04,삼성전자,005930,KR7005930003,KOSPI,70000,-2500,-3.45,69800,71100,69800,27366563,1923751777154,5969782550,417884778500000
2024-09-03,삼성전자,005930,KR7005930003,KOSPI,72500,-1900,-2.55,74100,74300,72500,16314599,1195017081270,5969782550,432809234875000
2024-09-02,삼성전자,005930,KR7005930003,KOSPI,74400,100,0.13,74500,74700,73500,12641376,938130139986,5969782550,444151821720000
2024-08-30,삼성전자,005930,KR7005930003,KOSPI,74300,300,0.41,74400,75000,74100,16358520,1217838630548,5969782550,443554843465000
2024-08-29,삼성전자,005930,KR7005930003,KOSPI,74000,-2400,-3.14,73600,74700,73500,16884479,1250517121400,5969782550,441763908700000
2024-08-28,삼성전자,005930,KR7005930003,KOSPI,76400,600,0.79,75800,76400,75400,9794514,743267480799,5969782550,456091386820000
2024-08-27,삼성전자,005930,KR7005930003,KOSPI,75800,-300,-0.39,75700,76500,75600,11130145,845521021636,5969782550,452509517290000
2024-08-26,삼성전자,005930,KR7005930003,KOSPI,76100,-1600,-2.06,78100,78200,76000,15655938,1200212317200,5969782550,454300452055000
2024-08-23,삼성전자,005930,KR7005930003,KOSPI,77700,-600,-0.77,77700,78400,77500,9420306,733115152500,5969782550,463852104135000
2024-08-22,삼성전자,005930,KR7005930003,KOSPI,78300,0,0.0,78700,78900,77800,8149101,637688676000,5969782550,467433973665000
2024-08-21,삼성전자,005930,KR7005930003,KOSPI,78300,-600,-0.76,77900,78600,77800,7805598,610445256200,5969782550,467433973665000
2024-08-20,삼성전자,005930,KR7005930003,KOSPI,78900,600,0.77,79500,79800,78700,10683836,846450905406,5969782550,471015843195000
2024-08-19,삼성전자,005930,KR7005930003,KOSPI,78300,-1900,-2.37,80100,80100,78000,14146565,1112867011200,5969782550,467433973665000
2024-08-16,삼성전자,005930,KR7005930003,KOSPI,80200,3000,3.89,79400,80200,78700,22061478,1749786266068,5969782550,478776560510000
2024-08-14,삼성전자,005930,KR7005930003,KOSPI,77200,1100,1.45,77400,77800,77000,13246168,1023945760936,5969782550,460867212860000
2024-08-13,삼성전자,005930,KR7005930003,KOSPI,76100,600,0.79,76500,76600,75500,10716261,814879344944,5969782550,454300452055000
2024-08-12,삼성전자,005930,KR7005930003,KOSPI,75500,800,1.07,75200,75900,74800,9839259,742667828012,5969782550,450718582525000
2024-08-09,삼성전자,005930,KR7005930003,KOSPI,74700,1300,1.77,75700,75800,74200,16388222,1226725116766,5969782550,445942756485000
2024-08-08,삼성전자,005930,KR7005930003,KOSPI,73400,-1300,-1.74,73200,73900,72500,28414729,2079007355535,5969782550,438182039170000
2024-08-07,삼성전자,005930,KR7005930003,KOSPI,74700,2200,3.03,73000,76000,72800,32710428,2439049835003,5969782550,445942756485000
2024-08-06,삼성전자,005930,KR7005930003,KOSPI,72500,1100,1.54,74900,75300,72300,47295226,3482608290900,5969782550,432809234875000
2024-08-05,삼성전자,005930,KR7005930003,KOSPI,71400,-8200,-10.3,76700,76900,70200,54608790,4028468177890,5969782550,426242474070000
2024-08-02,삼성전자,005930,KR7005930003,KOSPI,79600,-3500,-4.21,81000,81400,79500,25800275,2072583435468,5969782550,475194690980000
2024-08-01,삼성전자,005930,KR7005930003,KOSPI,83100,-800,-0.95,86000,86100,83100,20900338,1761066086600,5969782550,496088929905000
2024-07-31,삼성전자,005930,KR7005930003,KOSPI,83900,2900,3.58,81200,83900,80900,20744323,1709905651240,5969782550,500864755945000
2024-07-30,삼성전자,005930,KR7005930003,KOSPI,81000,-200,-0.25,80400,81000,80000,13169636,1058509976884,5969782550,483552386550000
2024-07-29,삼성전자,005930,KR7005930003,KOSPI,81200,300,0.37,81600,82000,81100,12797136,1042595012848,5969782550,484746343060000
2024-07-26,삼성전자,005930,KR7005930003,KOSPI,80900,500,0.62,80700,81300,80400,14508334,1171301827600,5969782550,482955408295000
2024-07-25,삼성전자,005930,KR7005930003,KOSPI,80400,-1600,-1.95,80400,81000,80100,20323811,1634938043600,5969782550,479970517020000
2024-07-24,삼성전자,005930,KR7005930003,KOSPI,82000,-1900,-2.26,82900,83300,81900,16939083,1397137102450,5969782550,489522169100000
2024-07-23,삼성전자,005930,KR7005930003,KOSPI,83900,900,1.08,84200,84700,83400,15766389,1325673625798,5969782550,500864755945000
2024-07-22,삼성전자,005930,KR7005930003,KOSPI,83000,-1400,-1.66,84400,84900,82600,18987560,1581559180516,5969782550,495491951650000
2024-07-19,삼성전자,005930,KR7005930003,KOSPI,84400,-2500,-2.88,85600,86100,84100,18569122,1574018492068,5969782550,503849647220000
2024-07-18,삼성전자,005930,KR7005930003,KOSPI,86900,200,0.23,83800,86900,83800,24721790,2104104629510,5969782550,518774103595000
2024-07-17,삼성전자,005930,KR7005930003,KOSPI,86700,-1000,-1.14,87100,88000,86400,18186490,1585140028938,5969782550,517580147085000
2024-07-16,삼성전자,005930,KR7005930003,KOSPI,87700,1000,1.15,86900,88000,86700,16166688,1413744130426,5969782550,523549929635000
2024-07-15,삼성전자,005930,KR7005930003,KOSPI,86700,2300,2.73,84700,87300,84100,25193080,2151182147147,5969782550,517580147085000
2024-07-12,삼성전자,005930,KR7005930003,KOSPI,84400,-3200,-3.65,85900,86100,84100,26344386,2234914589643,5969782550,503849647220000
2024-07-11,삼성전자,005930,KR7005930003,KOSPI,87600,-200,-0.23,88500,88800,86700,24677608,2164539095066,5969782550,522952951380000
2024-07-10,삼성전자,005930,KR7005930003,KOSPI,87800,0,0.0,87600,88000,87100,17813847,1560911761680,5969782550,524146907890000
2024-07-09,삼성전자,005930,KR7005930003,KOSPI,87800,400,0.46,87800,88200,86900,21336201,1869414925283,5969782550,524146907890000
2024-07-08,삼성전자,005930,KR7005930003,KOSPI,87400,300,0.34,87900,88600,86900,24035809,2105162327800,5969782550,521758994870000
2024-07-05,삼성전자,005930,KR7005930003,KOSPI,87100,2500,2.96,85600,87100,85200,45791193,3951280237696,5969782550,519968060105000
2024-07-04,삼성전자,005930,KR7005930003,KOSPI,84600,2800,3.42,82900,84700,82400,43857229,3679078036300,5969782550,505043603730000
2024-07-03,삼성전자,005930,KR7005930003,KOSPI,81800,0,0.0,82300,82300,81000,11440328,933802003100,5969782550,488328212590000
2024-07-02,삼성전자,005930,KR7005930003,KOSPI,81800,0,0.0,82500,82600,81500,14471904,1186008163180,5969782550,488328212590000
2024-07-01,삼성전자,005930,KR7005930003,KOSPI,81800,300,0.37,81500,82100,81300,11317202,925400917400,5969782550,488328212590000
2024-06-28,삼성전자,005930,KR7005930003,KOSPI,81500,-100,-0.12,81900,81900,80800,9455929,768935755446,5969782550,486537277825000
2024-06-27,삼성전자,005930,KR7005930003,KOSPI,81600,300,0.37,81300,81600,80500,11739720,953180945250,5969782550,487134256080000
2024-06-26,삼성전자,005930,KR7005930003,KOSPI,81300,500,0.62,80100,81400,79900,17783242,1436019023400,5969782550,485343321315000
2024-06-25,삼성전자,005930,KR7005930003,KOSPI,80800,200,0.25,80600,81800,80100,19088458,1545796110887,5969782550,482358430040000
2024-06-24,삼성전자,005930,KR7005930003,KOSPI,80600,600,0.75,79700,80900,79500,15454227,1239803887850,5969782550,481164473530000
2024-06-21,삼성전자,005930,KR7005930003,KOSPI,80000,-1600,-1.96,80700,80800,80000,17907523,1437355033344,5969782550,477582604000000
2024-06-20,삼성전자,005930,KR7005930003,KOSPI,81600,400,0.49,81500,82200,81200,20288913,1658024402539,5969782550,487134256080000
2024-06-19,삼성전자,005930,KR7005930003,KOSPI,81200,1400,1.75,81100,82500,80500,24168863,1965912177220,5969782550,484746343060000
2024-06-18,삼성전자,005930,KR7005930003,KOSPI,79800,1700,2.18,78700,80200,78600,18207598,1451893499146,5969782550,476388647490000
2024-06-17,삼성전자,005930,KR7005930003,KOSPI,78100,-1500,-1.88,79200,79500,78000,16123051,1267630623100,5969782550,466240017155000
2024-06-14,삼성전자,005930,KR7005930003,KOSPI,79600,1000,1.27,79700,80500,79000,22926612,1830283253527,5969782550,475194690980000
2024-06-13,삼성전자,005930,KR7005930003,KOSPI,78600,2100,2.75,78400,79000,77800,33763804,2648772985232,5969782550,469224908430000
2024-06-12,삼성전자,005930,KR7005930003,KOSPI,76500,1300,1.73,75300,77100,75200,19246725,1460415323135,5969782550,456688365075000
2024-06-11,삼성전자,005930,KR7005930003,KOSPI,75200,-500,-0.66,75900,76000,75100,16971175,1280831574634,5969782550,448927647760000
2024-06-10,삼성전자,005930,KR7005930003,KOSPI,75700,-1600,-2.07,76100,76600,75600,14598755,1109351578979,5969782550,451912539035000
2024-06-07,삼성전자,005930,KR7005930003,KOSPI,77300,-100,-0.13,78400,78600,77100,21189349,1645298001774,5969782550,461464191115000
2024-06-05,삼성전자,005930,KR7005930003,KOSPI,77400,2100,2.79,78000,78000,76800,23177968,1794236853400,5969782550,462061169370000
2024-06-04,삼성전자,005930,KR7005930003,KOSPI,75300,-400,-0.53,74900,76100,74900,14098053,1065751349301,5969782550,449524626015000
2024-06-03,삼성전자,005930,KR7005930003,KOSPI,75700,2200,2.99,74400,76400,74200,15706268,1186657003206,5969782550,451912539035000
2024-05-31,삼성전자,005930,KR7005930003,KOSPI,73500,0,0.0,74500,74700,73500,26198776,1935963757832,5969782550,438779017425000
2024-05-30,삼성전자,005930,KR7005930003,KOSPI,73500,-1700,-2.26,74800,75200,73500,28551273,2117784497387,5969782550,438779017425000
2024-05-29,삼성전자,005930,KR7005930003,KOSPI,75200,-2400,-3.09,77700,78200,75200,30244875,2312008038097,5969782550,448927647760000
2024-05-28,삼성전자,005930,KR7005930003,KOSPI,77600,400,0.52,76500,78000,76200,18539072,1436714901191,5969782550,463255125880000
2024-05-27,삼성전자,005930,KR7005930003,KOSPI,77200,1300,1.71,75300,78200,74000,43825202,3306633382624,5969782550,460867212860000
2024-05-24,삼성전자,005930,KR7005930003,KOSPI,75900,-2400,-3.07,76800,77000,75700,27891278,2127292051700,5969782550,453106495545000
2024-05-23,삼성전자,005930,KR7005930003,KOSPI,78300,600,0.77,77700,79100,77100,18728087,1462378998195,5969782550,467433973665000
2024-05-22,삼성전자,005930,KR7005930003,KOSPI,77700,-700,-0.89,78100,78700,77300,19521506,1522590061360,5969782550,463852104135000
2024-05-21,삼성전자,005930,KR7005930003,KOSPI,78400,-500,-0.63,78500,79000,78200,13690583,1074830521150,5969782550,468030951920000
2024-05-20,삼성전자,005930,KR7005930003,KOSPI,78900,1500,1.94,78100,79100,77900,19456783,1528019966672,5969782550,471015843195000
2024-05-17,삼성전자,005930,KR7005930003,KOSPI,77400,-800,-1.02,78600,78800,77200,15918201,1237640369900,5969782550,462061169370000
2024-05-16,삼성전자,005930,KR7005930003,KOSPI,78200,-100,-0.13,80200,80300,78100,20989778,1656384883213,5969782550,466836995410000
2024-05-14,삼성전자,005930,KR7005930003,KOSPI,78300,-100,-0.13,78600,78800,77900,11763992,920737809850,5969782550,467433973665000
2024-05-13,삼성전자,005930,KR7005930003,KOSPI,78400,-800,-1.01,79400,79900,77600,18652344,1460962492700,5969782550,468030951920000
2024-05-10,삼성전자,005930,KR7005930003,KOSPI,79200,-500,-0.63,80400,81100,78900,16976124,1351235284800,5969782550,472806777960000
2024-05-09,삼성전자,005930,KR7005930003,KOSPI,79700,-1600,-1.97,81100,81500,79700,18759935,1509119512100,5969782550,475791669235000
2024-05-08,삼성전자,005930,KR7005930003,KOSPI,81300,0,0.0,80800,81400,80500,13089576,1060566849818,5969782550,485343321315000
2024-05-07,삼성전자,005930,KR7005930003,KOSPI,81300,3700,4.77,79600,81300,79400,26238868,2112619288066,5969782550,485343321315000
2024-05-03,삼성전자,005930,KR7005930003,KOSPI,77600,-400,-0.51,79000,79000,77500,13151889,1028553770200,5969782550,463255125880000
2024-05-02,삼성전자,005930,KR7005930003,KOSPI,78000,500,0.65,77600,78600,77300,18900640,1475152663496,5969782550,465643038900000
2024-04-30,삼성전자,005930,KR7005930003,KOSPI,77500,800,1.04,77000,78500,76600,19007007,1477530164700,5969782550,462658147625000
2024-04-29,삼성전자,005930,KR7005930003,KOSPI,76700,0,0.0,77400,77600,76200,14664474,1124365701771,5969782550,457882321585000
2024-04-26,삼성전자,005930,KR7005930003,KOSPI,76700,400,0.52,77800,77900,76500,12755629,982996902900,5969782550,457882321585000
2024-04-25,삼성전자,005930,KR7005930003,KOSPI,76300,-2300,-2.93,77300,77500,76300,15549134,1195063612340,5969782550,455494408565000
2024-04-24,삼성전자,005930,KR7005930003,KOSPI,78600,3100,4.11,77500,78800,77200,22166150,1732478787054,5969782550,469224908430000
2024-04-23,삼성전자,005930,KR7005930003,KOSPI,75500,-600,-0.79,76400,76800,75500,18717699,1424154641605,5969782550,450718582525000
2024-04-22,삼성전자,005930,KR7005930003,KOSPI,76100,-1500,-1.93,77400,77500,75100,30469477,2320445983561,5969782550,454300452055000
2024-04-19,삼성전자,005930,KR7005930003,KOSPI,77600,-2000,-2.51,78300,78700,76300,31317563,2423649194900,5969782550,463255125880000
2024-04-18,삼성전자,005930,KR7005930003,KOSPI,79600,700,0.89,78800,80100,78300,21370190,1694196738983,5969782550,475194690980000
2024-04-17,삼성전자,005930,KR7005930003,KOSPI,78900,-1100,-1.38,80700,80800,78900,22611631,1800985510820,5969782550,471015843195000
2024-04-16,삼성전자,005930,KR7005930003,KOSPI,80000,-2200,-2.68,81200,81300,79400,31949845,2564077294862,5969782550,477582604000000
2024-04-15,삼성전자,005930,KR7005930003,KOSPI,82200,-1500,-1.79,82900,83200,81200,26663772,2187767452704,5969782550,490716125610000
2024-04-12,삼성전자,005930,KR7005930003,KOSPI,83700,-400,-0.48,84700,84900,83200,17061770,1429686717552,5969782550,499670799435000
2024-04-11,삼성전자,005930,KR7005930003,KOSPI,84100,500,0.6,83200,84700,82500,25538009,2138954129378,5969782550,502058712455000
2024-04-09,삼성전자,005930,KR7005930003,KOSPI,83600,-900,-1.07,84500,84900,83100,23725956,1991486775844,5969782550,499073821180000
2024-04-08,삼성전자,005930,KR7005930003,KOSPI,84500,0,0.0,85200,86000,84500,18953232,1614571568700,5969782550,504446625475000
2024-04-05,삼성전자,005930,KR7005930003,KOSPI,84500,-800,-0.94,84500,85000,83800,18883752,1593633428500,5969782550,504446625475000
2024-04-04,삼성전자,005930,KR7005930003,KOSPI,85300,1200,1.43,85200,85500,84300,25248934,2147309658606,5969782550,509222451515000
2024-04-03,삼성전자,005930,KR7005930003,KOSPI,84100,-900,-1.06,84300,85000,83500,30493347,2570591804242,5969782550,502058712455000
2024-04-02,삼성전자,005930,KR7005930003,KOSPI,85000,3000,3.66,82900,85000,82900,37077944,3125936951369,5969782550,507431516750000
2024-04-01,삼성전자,005930,KR7005930003,KOSPI,82000,-400,-0.49,83200,83300,82000,20116513,1661276148500,5969782550,489522169100000
2024-03-29,삼성전자,005930,KR7005930003,KOSPI,82400,1600,1.98,81200,82500,80900,27126366,2224901311700,5969782550,491910082120000
2024-03-28,삼성전자,005930,KR7005930003,KOSPI,80800,1000,1.25,79400,81000,79200,25084812,2014951562108,5969782550,482358430040000
2024-03-27,삼성전자,005930,KR7005930003,KOSPI,79800,-100,-0.13,79200,80000,79200,17424595,1387268449298,5969782550,476388647490000
2024-03-26,삼성전자,005930,KR7005930003,KOSPI,79900,1700,2.17,79700,80100,79200,30551494,2435792962320,5969782550,476985625745000
2024-03-25,삼성전자,005930,KR7005930003,KOSPI,78200,-700,-0.89,79600,79800,77800,18703996,1472206590003,5969782550,466836995410000
2024-03-22,삼성전자,005930,KR7005930003,KOSPI,78900,-400,-0.5,79600,79900,77800,26724761,2104543621700,5969782550,471015843195000
2024-03-21,삼성전자,005930,KR7005930003,KOSPI,79300,2400,3.12,79200,79300,77700,44569799,3509987699100,5969782550,473403756215000
2024-03-20,삼성전자,005930,KR7005930003,KOSPI,76900,4100,5.63,73700,77200,73400,50106297,3799218645198,5969782550,459076278095000
2024-03-19,삼성전자,005930,KR7005930003,KOSPI,72800,0,0.0,72300,73000,71700,15376066,1109067418300,5969782550,434600169640000
2024-03-18,삼성전자,005930,KR7005930003,KOSPI,72800,500,0.69,72600,73000,72500,11520348,837895575620,5969782550,434600169640000
2024-03-15,삼성전자,005930,KR7005930003,KOSPI,72300,-2000,-2.69,73400,73700,72300,22580555,1646273148384,5969782550,431615278365000
2024-03-14,삼성전자,005930,KR7005930003,KOSPI,74300,200,0.27,74400,74500,73600,22545539,1672983915400,5969782550,443554843465000
2024-03-13,삼성전자,005930,KR7005930003,KOSPI,74100,800,1.09,73700,74100,73500,15243134,1126213362951,5969782550,442360886955000
2024-03-12,삼성전자,005930,KR7005930003,KOSPI,73300,900,1.24,72600,73500,72100,13011654,946370610204,5969782550,437585060915000
2024-03-11,삼성전자,005930,KR7005930003,KOSPI,72400,-900,-1.23,72900,73100,72300,9740504,707795779500,5969782550,432212256620000
2024-03-08,삼성전자,005930,KR7005930003,KOSPI,73300,1100,1.52,72800,73400,72600,19271349,1406734002184,5969782550,437585060915000
2024-03-07,삼성전자,005930,KR7005930003,KOSPI,72200,-700,-0.96,73100,73300,72200,14516963,1054959751460,5969782550,431018300110000
2024-03-06,삼성전자,005930,KR7005930003,KOSPI,72900,-800,-1.09,73200,73500,72700,21547905,1577128384469,5969782550,435197147895000
2024-03-05,삼성전자,005930,KR7005930003,KOSPI,73700,-1200,-1.6,74600,74800,73700,19505125,1446710162593,5969782550,439972973935000
2024-03-04,삼성전자,005930,KR7005930003,KOSPI,74900,1500,2.04,74300,75000,74000,23210474,1730190362362,5969782550,447136712995000
2024-02-29,삼성전자,005930,KR7005930003,KOSPI,73400,200,0.27,72600,73400,72000,21176403,1543929097874,5969782550,438182039170000
2024-02-28,삼성전자,005930,KR7005930003,KOSPI,73200,300,0.41,72900,73900,72800,11795859,866532716548,5969782550,436988082660000
2024-02-27,삼성전자,005930,KR7005930003,KOSPI,72900,100,0.14,73100,73400,72700,13201981,963297077300,5969782550,435197147895000
2024-02-26,삼성전자,005930,KR7005930003,KOSPI,72800,-100,-0.14,72300,73200,72200,14669352,1067725992988,5969782550,434600169640000
2024-02-23,삼성전자,005930,KR7005930003,KOSPI,72900,-200,-0.27,73600,74200,72900,16225166,1189838938900,5969782550,435197147895000
2024-02-22,삼성전자,005930,KR7005930003,KOSPI,73100,100,0.14,73800,73900,72700,15208934,1111907697100,5969782550,436391104405000
2024-02-21,삼성전자,005930,KR7005930003,KOSPI,73000,-300,-0.41,73400,73700,72900,11503495,841682946896,5969782550,435794126150000
2024-02-20,삼성전자,005930,KR7005930003,KOSPI,73300,-500,-0.68,73700,73700,72800,14681477,1074233851920,5969782550,437585060915000
2024-02-19,삼성전자,005930,KR7005930003,KOSPI,73800,1000,1.37,72800,73900,72800,12726404,936829110513,5969782550,440569952190000
2024-02-16,삼성전자,005930,KR7005930003,KOSPI,72800,-200,-0.27,73300,73400,72500,13444781,979246120166,5969782550,434600169640000
2024-02-15,삼성전자,005930,KR7005930003,KOSPI,73000,-1000,-1.35,74200,74400,73000,14120600,1037048777500,5969782550,435794126150000
2024-02-14,삼성전자,005930,KR7005930003,KOSPI,74000,-1200,-1.6,73700,74300,73700,12434945,920046681339,5969782550,441763908700000
2024-02-13,삼성전자,005930,KR7005930003,KOSPI,75200,1100,1.48,74800,75200,74400,21966745,1645918689800,5969782550,448927647760000
2024-02-08,삼성전자,005930,KR7005930003,KOSPI,74100,-900,-1.2,75000,75200,73600,20810708,1545421527910,5969782550,442360886955000
2024-02-07,삼성전자,005930,KR7005930003,KOSPI,75000,600,0.81,74600,75500,74300,16566445,1241375169523,5969782550,447733691250000
2024-02-06,삼성전자,005930,KR7005930003,KOSPI,74400,100,0.13,74300,74700,73300,14559254,1079406742676,5969782550,444151821720000
2024-02-05,삼성전자,005930,KR7005930003,KOSPI,74300,-900,-1.2,74200,74800,73500,19026021,1407991610817,5969782550,443554843465000
2024-02-02,삼성전자,005930,KR7005930003,KOSPI,75200,1600,2.17,74000,75200,73700,14955881,1116696087686,5969782550,448927647760000
2024-02-01,삼성전자,005930,KR7005930003,KOSPI,73600,900,1.24,73000,74200,72900,19881033,1460989435744,5969782550,439375995680000
2024-01-31,삼성전자,005930,KR7005930003,KOSPI,72700,-1600,-2.15,73400,74000,72500,15703560,1148592184077,5969782550,434003191385000
2024-01-30,삼성전자,005930,KR7005930003,KOSPI,74300,-100,-0.13,75000,75300,73700,12244418,910103102143,5969782550,443554843465000
2024-01-29,삼성전자,005930,KR7005930003,KOSPI,74400,1000,1.36,73800,75200,73500,13976521,1040949182849,5969782550,444151821720000
2024-01-26,삼성전자,005930,KR7005930003,KOSPI,73400,-700,-0.94,73700,74500,73300,11160062,824499022832,5969782550,438182039170000
2024-01-25,삼성전자,005930,KR7005930003,KOSPI,74100,100,0.14,74200,74800,73700,11737747,870261519556,5969782550,442360886955000
2024-01-24,삼성전자,005930,KR7005930003,KOSPI,74000,-1200,-1.6,75200,75200,73500,12860661,950729770400,5969782550,441763908700000
2024-01-23,삼성전자,005930,KR7005930003,KOSPI,75200,100,0.13,75700,75800,74300,14786224,1109206848800,5969782550,448927647760000
2024-01-22,삼성전자,005930,KR7005930003,KOSPI,75100,400,0.54,75900,76000,75000,19673375,1484936123888,5969782550,448330669505000
2024-01-19,삼성전자,005930,KR7005930003,KOSPI,74700,3000,4.18,73500,74700,73000,23363427,1729032665716,5969782550,445942756485000
2024-01-18,삼성전자,005930,KR7005930003,KOSPI,71700,700,0.99,71600,72000,70700,17853397,1274268001300,5969782550,428033408835000
2024-01-17,삼성전자,005930,KR7005930003,KOSPI,71000,-1600,-2.2,73100,73300,71000,22683660,1627050948220,5969782550,423854561050000
2024-01-16,삼성전자,005930,KR7005930003,KOSPI,72600,-1300,-1.76,73500,73700,72500,14760415,1075976773200,5969782550,433406213130000
2024-01-15,삼성전자,005930,KR7005930003,KOSPI,73900,800,1.09,73200,74000,73200,13212339,973180055524,5969782550,441166930445000
2024-01-12,삼성전자,005930,KR7005930003,KOSPI,73100,-100,-0.14,73000,74100,72800,13038939,956811865637,5969782550,436391104405000
2024-01-11,삼성전자,005930,KR7005930003,KOSPI,73200,-400,-0.54,72900,73600,72700,57691266,4206812650490,5969782550,436988082660000
2024-01-10,삼성전자,005930,KR7005930003,KOSPI,73600,-1100,-1.47,75000,75200,73200,20259529,1497565371180,5969782550,439375995680000
2024-01-09,삼성전자,005930,KR7005930003,KOSPI,74700,-1800,-2.35,77400,77700,74300,26019249,1971736955597,5969782550,445942756485000
2024-01-08,삼성전자,005930,KR7005930003,KOSPI,76500,-100,-0.13,77000,77500,76400,11088724,852681337648,5969782550,456688365075000
2024-01-05,삼성전자,005930,KR7005930003,KOSPI,76600,0,0.0,76700,77100,76400,11304316,866836486100,5969782550,457285343330000
2024-01-04,삼성전자,005930,KR7005930003,KOSPI,76600,-400,-0.52,76100,77300,76100,15324439,1173912901977,5969782550,457285343330000
2024-01-03,삼성전자,005930,KR7005930003,KOSPI,77000,-2600,-3.27,78500,78800,77000,21753644,1691690834824,5969782550,459673256350000
2024-01-02,삼성전자,005930,KR7005930003,KOSPI,79600,1100,1.4,78200,79800,78200,17142847,1356958225913,5969782550,475194690980000
2025-12-30,SK하이닉스,000660,KR7000660001,KOSPI,651000,11000,1.72,639000,659000,634000,4094603,2662508688140,728002365,473929539615000
2025-12-29,SK하이닉스,000660,KR7000660001,KOSPI,640000,41000,6.84,630000,640000,625000,4176151,2641815287000,728002365,465921513600000
2025-12-26,SK하이닉스,000660,KR7000660001,KOSPI,599000,11000,1.87,594000,605000,590000,4243548,2542663330000,728002365,436073416635000
2025-12-24,SK하이닉스,000660,KR7000660001,KOSPI,588000,4000,0.68,587000,591000,584000,2160697,1272669995000,728002365,428065390620000
2025-12-23,SK하이닉스,000660,KR7000660001,KOSPI,584000,4000,0.69,585000,593000,581000,2011188,1180522164000,728002365,425153381160000
2025-12-22,SK하이닉스,000660,KR7000660001,KOSPI,580000,33000,6.03,574000,580000,567000,2878464,1657807556000,728002365,422241371700000
2025-12-19,SK하이닉스,000660,KR7000660001,KOSPI,547000,-5000,-0.91,569000,570000,547000,3440005,1923946971000,728002365,398217293655000
2025-12-18,SK하이닉스,000660,KR7000660001,KOSPI,552000,1000,0.18,538000,563000,537000,2959059,1641945285000,728002365,401857305480000
2025-12-17,SK하이닉스,000660,KR7000660001,KOSPI,551000,21000,3.96,530000,554000,525000,2692626,1453712501090,728002365,401129303115000
2025-12-16,SK하이닉스,000660,KR7000660001,KOSPI,530000,-24000,-4.33,545000,551000,530000,3287998,1773669215746,728002365,385841253450000
2025-12-15,SK하이닉스,000660,KR7000660001,KOSPI,554000,-17000,-2.98,535000,563500,535000,2482125,1367827640645,728002365,403313310210000
2025-12-12,SK하이닉스,000660,KR7000660001,KOSPI,571000,6000,1.06,565000,579000,560000,2646148,1511828157000,728002365,415689350415000
2025-12-11,SK하이닉스,000660,KR7000660001,KOSPI,565000,-22000,-3.75,583000,589000,565000,4021907,2309503491500,728002365,411321336225000
2025-12-10,SK하이닉스,000660,KR7000660001,KOSPI,587000,21000,3.71,571000,593000,570000,3986083,2335634355500,728002365,427337388255000
2025-12-09,SK하이닉스,000660,KR7000660001,KOSPI,566000,-11000,-1.91,569000,575000,564000,2391174,1355861203000,728002365,412049338590000
2025-12-08,SK하이닉스,000660,KR7000660001,KOSPI,577000,33000,6.07,543000,580000,533000,4288433,2386049841000,728002365,420057364605000
2025-12-05,SK하이닉스,000660,KR7000660001,KOSPI,544000,2000,0.37,530000,546000,527000,3204933,1718852425500,728002365,396033286560000
2025-12-04,SK하이닉스,000660,KR7000660001,KOSPI,542000,-10000,-1.81,542000,543000,532000,2858305,1535157168065,728002365,394577281830000
2025-12-03,SK하이닉스,000660,KR7000660001,KOSPI,552000,-6000,-1.08,550000,559000,544000,2586619,1430246342896,728002365,401857305480000
2025-12-02,SK하이닉스,000660,KR7000660001,KOSPI,558000,20000,3.72,548000,559000,542000,2686580,1490029307122,728002365,406225319670000
2025-12-01,SK하이닉스,000660,KR7000660001,KOSPI,538000,8000,1.51,542000,545000,525000,3134704,1686705134500,728002365,391665272370000
2025-11-28,SK하이닉스,000660,KR7000660001,KOSPI,530000,-14000,-2.57,551000,552000,530000,2680138,1436194436334,728002365,385841253450000
2025-11-27,SK하이닉스,000660,KR7000660001,KOSPI,544000,20000,3.82,535000,556000,533000,3654092,1988027003500,728002365,396033286560000
2025-11-26,SK하이닉스,000660,KR7000660001,KOSPI,524000,5000,0.96,513000,528000,501000,5127393,2642296735780,728002365,381473239260000
2025-11-25,SK하이닉스,000660,KR7000660001,KOSPI,519000,-1000,-0.19,546000,550000,518000,3716730,1969198513548,728002365,377833227435000
2025-11-24,SK하이닉스,000660,KR7000660001,KOSPI,520000,-1000,-0.19,531000,542000,517000,6399162,3373194903500,728002365,378561229800000
2025-11-21,SK하이닉스,000660,KR7000660001,KOSPI,521000,-50000,-8.76,518000,531000,514000,6646712,3469796088808,728002365,379289232165000
2025-11-20,SK하이닉스,000660,KR7000660001,KOSPI,571000,9000,1.6,595000,597000,570000,4670237,2724949894000,728002365,415689350415000
2025-11-19,SK하이닉스,000660,KR7000660001,KOSPI,562000,-8000,-1.4,563000,570000,546000,4529736,2534033057199,728002365,409137329130000
2025-11-18,SK하이닉스,000660,KR7000660001,KOSPI,570000,-36000,-5.94,583000,591000,570000,3544391,2045293449000,728002365,414961348050000
2025-11-17,SK하이닉스,000660,KR7000660001,KOSPI,606000,46000,8.21,588000,606000,584000,4470947,2663586341596,728002365,441169433190000
2025-11-14,SK하이닉스,000660,KR7000660001,KOSPI,560000,-52000,-8.5,579000,585000,560000,5778374,3312307230600,728002365,407681324400000
2025-11-13,SK하이닉스,000660,KR7000660001,KOSPI,612000,-5000,-0.81,607000,622000,607000,3875541,2378789345500,728002365,445537447380000
2025-11-12,SK하이닉스,000660,KR7000660001,KOSPI,617000,-2000,-0.32,605000,620000,601000,2831484,1732466665264,728002365,449177459205000
2025-11-11,SK하이닉스,000660,KR7000660001,KOSPI,619000,13000,2.15,622000,646000,604000,5508697,3446107474086,728002365,450633463935000
2025-11-10,SK하이닉스,000660,KR7000660001,KOSPI,606000,26000,4.48,584000,615000,581000,4893645,2951702322000,728002365,441169433190000
2025-11-07,SK하이닉스,000660,KR7000660001,KOSPI,580000,-13000,-2.19,577000,599000,565000,4789397,2784161632500,728002365,422241371700000
2025-11-06,SK하이닉스,000660,KR7000660001,KOSPI,593000,14000,2.42,602000,607000,583000,5321244,3175511482783,728002365,431705402445000
2025-11-05,SK하이닉스,000660,KR7000660001,KOSPI,579000,-7000,-1.19,563000,587000,532000,8976222,5043848962489,728002365,421513369335000
2025-11-04,SK하이닉스,000660,KR7000660001,KOSPI,586000,-34000,-5.48,611000,614000,583000,5969769,3551051355316,728002365,426609385890000
2025-11-03,SK하이닉스,000660,KR7000660001,KOSPI,620000,61000,10.91,557000,624000,555000,5787058,3473019488800,728002365,451361466300000
2025-10-31,SK하이닉스,000660,KR7000660001,KOSPI,559000,-9000,-1.58,557000,566000,552000,3351809,1877166443996,728002365,406953322035000
2025-10-30,SK하이닉스,000660,KR7000660001,KOSPI,568000,10000,1.79,558000,579000,552000,4888461,2764613878496,728002365,413505343320000
2025-10-29,SK하이닉스,000660,KR7000660001,KOSPI,558000,37000,7.1,538000,559000,523000,4803031,2615487183000,728002365,406225319670000
2025-10-28,SK하이닉스,000660,KR7000660001,KOSPI,521000,-14000,-2.62,521000,527000,509000,5659008,2932183590000,728002365,379289232165000
2025-10-27,SK하이닉스,000660,KR7000660001,KOSPI,535000,25000,4.9,533000,537000,523000,3381231,1793905862965,728002365,389481265275000
2025-10-24,SK하이닉스,000660,KR7000660001,KOSPI,510000,31500,6.58,493000,513000,491500,4254202,2146139539020,728002365,371281206150000
2025-10-23,SK하이닉스,000660,KR7000660001,KOSPI,478500,-3000,-0.62,470000,488500,468000,3583993,1716194242009,728002365,348349131652500
2025-10-22,SK하이닉스,000660,KR7000660001,KOSPI,481500,2500,0.52,475000,482000,469000,3870276,1838015901547,728002365,350533138747500
2025-10-21,SK하이닉스,000660,KR7000660001,KOSPI,479000,-6500,-1.34,497000,502000,478000,4126858,2024408958400,728002365,348713132835000
2025-10-20,SK하이닉스,000660,KR7000660001,KOSPI,485500,20000,4.3,477500,485500,465500,3333903,1591853205750,728002365,353445148207500
2025-10-17,SK하이닉스,000660,KR7000660001,KOSPI,465500,13000,2.87,451500,475000,449500,4541583,2103093826250,728002365,338885100907500
2025-10-16,SK하이닉스,000660,KR7000660001,KOSPI,452500,30000,7.1,421000,455000,420500,4247934,1883343398250,728002365,329421070162500
2025-10-15,SK하이닉스,000660,KR7000660001,KOSPI,422500,11000,2.67,410500,424000,407000,2688019,1115926644050,728002365,307580999212500
2025-10-14,SK하이닉스,000660,KR7000660001,KOSPI,411500,-3500,-0.84,425000,436500,406500,4101275,1723657397500,728002365,299572973197500
2025-10-13,SK하이닉스,000660,KR7000660001,KOSPI,415000,-13000,-3.04,405500,415500,403000,4356534,1786275320750,728002365,302120981475000
2025-10-10,SK하이닉스,000660,KR7000660001,KOSPI,428000,32500,8.22,426000,439250,416500,6835852,2911518119518,728002365,311585012220000
2025-10-02,SK하이닉스,000660,KR7000660001,KOSPI,395500,35500,9.86,388500,404500,384000,7430763,2944922514970,728002365,287924935357500
2025-10-01,SK하이닉스,000660,KR7000660001,KOSPI,360000,12500,3.6,351000,362000,351000,2802437,1001954505000,728002365,262080851400000
2025-09-30,SK하이닉스,000660,KR7000660001,KOSPI,347500,-1500,-0.43,353000,356500,347500,2238614,783562302390,728002365,252980821837500
2025-09-29,SK하이닉스,000660,KR7000660001,KOSPI,349000,12500,3.71,339500,351000,339000,2275986,790539282000,728002365,254072825385000
2025-09-26,SK하이닉스,000660,KR7000660001,KOSPI,336500,-20000,-5.61,347500,349000,333000,3685324,1253030899140,728002365,244972795822500
2025-09-25,SK하이닉스,000660,KR7000660001,KOSPI,356500,-1000,-0.28,352000,359000,349500,2148215,762140462235,728002365,259532843122500
2025-09-24,SK하이닉스,000660,KR7000660001,KOSPI,357500,-3500,-0.97,359000,364000,348500,4165199,1482037480884,728002365,260260845487500
2025-09-23,SK하이닉스,000660,KR7000660001,KOSPI,361000,10000,2.85,355500,363000,353000,3315336,1186486924743,728002365,262808853765000
2025-09-22,SK하이닉스,000660,KR7000660001,KOSPI,351000,-2000,-0.57,349000,359000,345250,4377563,1541470671626,728002365,255528830115000
2025-09-19,SK하이닉스,000660,KR7000660001,KOSPI,353000,0,0.0,351500,360000,348000,4385543,1546050743059,728002365,256984834845000
2025-09-18,SK하이닉스,000660,KR7000660001,KOSPI,353000,19500,5.85,338500,357000,336500,4526286,1584129187659,728002365,256984834845000
2025-09-17,SK하이닉스,000660,KR7000660001,KOSPI,333500,-14500,-4.17,341000,342500,333500,4498866,1515919259650,728002365,242788788727500
2025-09-16,SK하이닉스,000660,KR7000660001,KOSPI,348000,17000,5.14,331500,354000,331500,5841135,2021474469432,728002365,253344823020000
2025-09-15,SK하이닉스,000660,KR7000660001,KOSPI,331000,2500,0.76,339500,341500,325000,4221256,1404142725000,728002365,240968782815000
2025-09-12,SK하이닉스,000660,KR7000660001,KOSPI,328500,21500,7.0,322000,329500,319000,4242516,1382085841794,728002365,239148776902500
2025-09-11,SK하이닉스,000660,KR7000660001,KOSPI,307000,3000,0.99,310000,315000,305500,5148088,1592899305514,728002365,223496726055000
2025-09-10,SK하이닉스,000660,KR7000660001,KOSPI,304000,16000,5.56,294500,305000,293000,5265553,1583404266500,728002365,221312718960000
2025-09-09,SK하이닉스,000660,KR7000660001,KOSPI,288000,11000,3.97,278000,288500,277000,4158342,1183541273000,728002365,209664681120000
2025-09-08,SK하이닉스,000660,KR7000660001,KOSPI,277000,3500,1.28,278500,279000,274000,2018299,559185136772,728002365,201656655105000
2025-09-05,SK하이닉스,000660,KR7000660001,KOSPI,273500,8000,3.01,273000,275000,272000,3103427,849712439796,728002365,199108646827500
2025-09-04,SK하이닉스,000660,KR7000660001,KOSPI,265500,3000,1.14,267000,271000,264500,2189959,584527763000,728002365,193284627907500
2025-09-03,SK하이닉스,000660,KR7000660001,KOSPI,262500,2000,0.77,259500,265500,257750,2437896,640466430844,728002365,191100620812500
2025-09-02,SK하이닉스,000660,KR7000660001,KOSPI,260500,4500,1.76,256000,261500,256000,1584710,411934878000,728002365,189644616082500
2025-09-01,SK하이닉스,000660,KR7000660001,KOSPI,256000,-13000,-4.83,259500,261000,255000,1837054,472705957750,728002365,186368605440000
2025-08-29,SK하이닉스,000660,KR7000660001,KOSPI,269000,500,0.19,268000,270000,266000,1892127,507281153515,728002365,195832636185000
2025-08-28,SK하이닉스,000660,KR7000660001,KOSPI,268500,8500,3.27,254000,268500,253000,3836024,1011495821250,728002365,195468635002500
2025-08-27,SK하이닉스,000660,KR7000660001,KOSPI,260000,-1500,-0.57,259000,261000,256000,2801594,723822493098,728002365,189280614900000
2025-08-26,SK하이닉스,000660,KR7000660001,KOSPI,261500,2000,0.77,259500,262500,257000,2050625,532879680250,728002365,190372618447500
2025-08-25,SK하이닉스,000660,KR7000660001,KOSPI,259500,8500,3.39,256000,261500,254000,3183709,822048126750,728002365,188916613717500
2025-08-22,SK하이닉스,000660,KR7000660001,KOSPI,251000,6000,2.45,245500,252500,245500,3064062,763320132000,728002365,182728593615000
2025-08-21,SK하이닉스,000660,KR7000660001,KOSPI,245000,-10500,-4.11,246500,251000,245000,6301130,1556929072118,728002365,178360579425000
2025-08-20,SK하이닉스,000660,KR7000660001,KOSPI,255500,-7500,-2.85,254500,257000,251000,3571545,908399815969,728002365,186004604257500
2025-08-19,SK하이닉스,000660,KR7000660001,KOSPI,263000,-4500,-1.68,268500,270000,261500,1709646,452864617000,728002365,191464621995000
2025-08-18,SK하이닉스,000660,KR7000660001,KOSPI,267500,-9000,-3.25,272000,272000,267000,1993220,535405923324,728002365,194740632637500
2025-08-14,SK하이닉스,000660,KR7000660001,KOSPI,276500,-1500,-0.54,277500,277500,270500,2101050,575810038250,728002365,201292653922500
2025-08-13,SK하이닉스,000660,KR7000660001,KOSPI,278000,9000,3.35,278000,279000,274000,3472694,961698453500,728002365,202384657470000
2025-08-12,SK하이닉스,000660,KR7000660001,KOSPI,269000,2000,0.75,268000,276000,267500,3008648,817577270280,728002365,195832636185000
2025-08-11,SK하이닉스,000660,KR7000660001,KOSPI,267000,10500,4.09,260500,267500,260000,2415473,639967964355,728002365,194376631455000
2025-08-08,SK하이닉스,000660,KR7000660001,KOSPI,256500,-5500,-2.1,262000,266000,255500,2676174,697609686674,728002365,186732606622500
2025-08-07,SK하이닉스,000660,KR7000660001,KOSPI,262000,3500,1.35,258000,263000,250000,2724438,702486445000,728002365,190736619630000
2025-08-06,SK하이닉스,000660,KR7000660001,KOSPI,258500,-5000,-1.9,260500,260500,257500,1374559,355549598750,728002365,188188611352500
2025-08-05,SK하이닉스,000660,KR7000660001,KOSPI,263500,5500,2.13,264000,264500,260500,2118171,556412835750,728002365,191828623177500
2025-08-04,SK하이닉스,000660,KR7000660001,KOSPI,258000,0,0.0,254500,260000,254000,2281558,586658570250,728002365,187824610170000
2025-08-01,SK하이닉스,000660,KR7000660001,KOSPI,258000,-15500,-5.67,266000,267000,257000,3227394,839582715924,728002365,187824610170000
2025-07-31,SK하이닉스,000660,KR7000660001,KOSPI,273500,10000,3.8,271000,274000,265500,3472644,943515065750,728002365,199108646827500
2025-07-30,SK하이닉스,000660,KR7000660001,KOSPI,263500,1000,0.38,263000,266000,260500,2482807,653841670750,728002365,191828623177500
2025-07-29,SK하이닉스,000660,KR7000660001,KOSPI,262500,500,0.19,254500,265000,254500,2944177,767126728082,728002365,191100620812500
2025-07-28,SK하이닉스,000660,KR7000660001,KOSPI,262000,-4000,-1.5,261000,265500,258500,2877357,752794876750,728002365,190736619630000
2025-07-25,SK하이닉스,000660,KR7000660001,KOSPI,266000,-3500,-1.3,273000,275000,265500,2171063,584789111250,728002365,193648629090000
2025-07-24,SK하이닉스,000660,KR7000660001,KOSPI,269500,500,0.19,277000,279000,269000,3667144,1005675894310,728002365,196196637367500
2025-07-23,SK하이닉스,000660,KR7000660001,KOSPI,269000,500,0.19,267500,271000,264500,3116279,835260110076,728002365,195832636185000
2025-07-22,SK하이닉스,000660,KR7000660001,KOSPI,268500,-4000,-1.47,273000,273500,267000,3139858,844336707647,728002365,195468635002500
2025-07-21,SK하이닉스,000660,KR7000660001,KOSPI,272500,3500,1.3,267500,274500,266500,2424891,659154203750,728002365,198380644462500
2025-07-18,SK하이닉스,000660,KR7000660001,KOSPI,269000,-500,-0.19,270000,275000,267000,5359504,1444044947500,728002365,195832636185000
2025-07-17,SK하이닉스,000660,KR7000660001,KOSPI,269500,-26500,-8.95,283500,289500,268000,9328322,2557977761214,728002365,196196637367500
2025-07-16,SK하이닉스,000660,KR7000660001,KOSPI,296000,-2500,-0.84,298500,299500,292500,3123297,921107086250,728002365,215488700040000
2025-07-15,SK하이닉스,000660,KR7000660001,KOSPI,298500,-1500,-0.5,296000,298500,290000,4196196,1231459054812,728002365,217308705952500
2025-07-14,SK하이닉스,000660,KR7000660001,KOSPI,300000,5500,1.87,292500,302500,292500,2936976,877791233750,728002365,218400709500000
2025-07-11,SK하이닉스,000660,KR7000660001,KOSPI,294500,-2500,-0.84,299500,306500,292000,3732533,1112891966454,728002365,214396696492500
2025-07-10,SK하이닉스,000660,KR7000660001,KOSPI,297000,16000,5.69,284000,297000,283500,4556065,1327686514500,728002365,216216702405000
2025-07-09,SK하이닉스,000660,KR7000660001,KOSPI,281000,-1000,-0.35,282500,284000,277500,2626484,737516882940,728002365,204568664565000
2025-07-08,SK하이닉스,000660,KR7000660001,KOSPI,282000,11000,4.06,271000,285000,268500,3119395,872611189250,728002365,205296666930000
2025-07-07,SK하이닉스,000660,KR7000660001,KOSPI,271000,500,0.18,266000,272000,264500,2523564,676974152250,728002365,197288640915000
2025-07-04,SK하이닉스,000660,KR7000660001,KOSPI,270500,-8000,-2.87,279500,281500,269000,3654933,997717561250,728002365,196924639732500
2025-07-03,SK하이닉스,000660,KR7000660001,KOSPI,278500,-500,-0.18,281000,284000,277000,3642140,1018228538080,728002365,202748658652500
2025-07-02,SK하이닉스,000660,KR7000660001,KOSPI,279000,-6500,-2.28,283500,283500,274500,4702056,1307588197560,728002365,203112659835000
2025-07-01,SK하이닉스,000660,KR7000660001,KOSPI,285500,-6500,-2.23,291000,294500,285500,3687981,1067385501678,728002365,207844675207500
2025-06-30,SK하이닉스,000660,KR7000660001,KOSPI,292000,8000,2.82,288500,294500,286000,4375298,1270954675000,728002365,212576690580000
2025-06-27,SK하이닉스,000660,KR7000660001,KOSPI,284000,-9000,-3.07,288000,294500,281000,5134863,1469227568381,728002365,206752671660000
2025-06-26,SK하이닉스,000660,KR7000660001,KOSPI,293000,7000,2.45,294500,298500,287000,5894020,1730468230843,728002365,213304692945000
2025-06-25,SK하이닉스,000660,KR7000660001,KOSPI,286000,7500,2.69,289000,291500,284000,5466598,1568977689681,728002365,208208676390000
2025-06-24,SK하이닉스,000660,KR7000660001,KOSPI,278500,19000,7.32,270000,283000,269500,5436312,1510976358680,728002365,202748658652500
2025-06-23,SK하이닉스,000660,KR7000660001,KOSPI,259500,2500,0.97,252500,263000,248500,3398736,871519681612,728002365,188916613717500
2025-06-20,SK하이닉스,000660,KR7000660001,KOSPI,257000,11000,4.47,249000,257000,247500,3597877,916063762030,728002365,187096607805000
2025-06-19,SK하이닉스,000660,KR7000660001,KOSPI,246000,-500,-0.2,247000,250000,242000,2317796,569942842750,728002365,179088581790000
2025-06-18,SK하이닉스,000660,KR7000660001,KOSPI,246500,-2500,-1.0,245500,252000,245000,4081001,1009652492936,728002365,179452582972500
2025-06-17,SK하이닉스,000660,KR7000660001,KOSPI,249000,1000,0.4,253000,260000,248000,5044669,1275681263500,728002365,181272588885000
2025-06-16,SK하이닉스,000660,KR7000660001,KOSPI,248000,12500,5.31,238000,248500,238000,3760740,919187630141,728002365,180544586520000
2025-06-13,SK하이닉스,000660,KR7000660001,KOSPI,235500,0,0.0,240500,243000,233750,4100610,973619143023,728002365,171444556957500
2025-06-12,SK하이닉스,000660,KR7000660001,KOSPI,235500,-4500,-1.88,242500,246500,235000,4994238,1194087510250,728002365,171444556957500
2025-06-11,SK하이닉스,000660,KR7000660001,KOSPI,240000,9500,4.12,236000,241000,235000,4230421,1010945936000,728002365,174720567600000
2025-06-10,SK하이닉스,000660,KR7000660001,KOSPI,230500,1500,0.66,231000,232500,227500,3718655,857162985228,728002365,167804545132500
2025-06-09,SK하이닉스,000660,KR7000660001,KOSPI,229000,4500,2.0,233000,233500,228000,3666084,844187566160,728002365,166712541585000
2025-06-05,SK하이닉스,000660,KR7000660001,KOSPI,224500,7000,3.22,225500,230000,222000,5768506,1306203853561,728002365,163436530942500
2025-06-04,SK하이닉스,000660,KR7000660001,KOSPI,217500,10000,4.82,218000,223000,216500,5108674,1120799402390,728002365,158340514387500
2025-06-02,SK하이닉스,000660,KR7000660001,KOSPI,207500,3000,1.47,205000,208500,203000,1775752,367619366000,728002365,151060490737500
2025-05-30,SK하이닉스,000660,KR7000660001,KOSPI,204500,-7500,-3.54,210000,210000,203000,4826628,992245511750,728002365,148876483642500
2025-05-29,SK하이닉스,000660,KR7000660001,KOSPI,212000,4000,1.92,214500,214500,207500,3827689,808853146000,728002365,154336501380000
2025-05-28,SK하이닉스,000660,KR7000660001,KOSPI,208000,5500,2.72,206500,209500,206000,3161188,657413056500,728002365,151424491920000
2025-05-27,SK하이닉스,000660,KR7000660001,KOSPI,202500,-500,-0.25,200500,203500,200000,1424916,287661281500,728002365,147420478912500
2025-05-26,SK하이닉스,000660,KR7000660001,KOSPI,203000,3000,1.5,200000,203500,196900,1459997,292677967900,728002365,147784480095000
2025-05-23,SK하이닉스,000660,KR7000660001,KOSPI,200000,3100,1.57,199900,201500,198700,1538701,307720248600,728002365,145600473000000
2025-05-22,SK하이닉스,000660,KR7000660001,KOSPI,196900,-3600,-1.8,199900,201500,196500,1988587,393046069000,728002365,143343665668500
2025-05-21,SK하이닉스,000660,KR7000660001,KOSPI,200500,-1500,-0.74,204500,205000,199900,1721760,346596366000,728002365,145964474182500
2025-05-20,SK하이닉스,000660,KR7000660001,KOSPI,202000,2600,1.3,202500,208000,201500,2820546,575346512520,728002365,147056477730000
2025-05-19,SK하이닉스,000660,KR7000660001,KOSPI,199400,-5100,-2.49,203000,203000,197500,2482673,494757331640,728002365,145163671581000
2025-05-16,SK하이닉스,000660,KR7000660001,KOSPI,204500,4000,2.0,206000,206750,203500,2419507,496481724500,728002365,148876483642500
2025-05-15,SK하이닉스,000660,KR7000660001,KOSPI,200500,-5500,-2.67,207500,208000,199500,3178957,646444000549,728002365,145964474182500
2025-05-14,SK하이닉스,000660,KR7000660001,KOSPI,206000,7500,3.78,207000,207000,204000,3333511,687064499104,728002365,149968487190000
2025-05-13,SK하이닉스,000660,KR7000660001,KOSPI,198500,3500,1.79,200500,201500,197300,3385009,674915737950,728002365,144508469452500
2025-05-12,SK하이닉스,000660,KR7000660001,KOSPI,195000,4900,2.58,193600,195200,193500,1624884,316118471450,728002365,141960461175000
2025-05-09,SK하이닉스,000660,KR7000660001,KOSPI,190100,-200,-0.11,192000,192800,186800,2539822,480995533500,728002365,138393249586500
2025-05-08,SK하이닉스,000660,KR7000660001,KOSPI,190300,-500,-0.26,196000,196000,189400,5125330,987251900800,728002365,138538850059500
2025-05-07,SK하이닉스,000660,KR7000660001,KOSPI,190800,4800,2.58,187700,191500,185900,3830097,726827737180,728002365,138902851242000
2025-05-02,SK하이닉스,000660,KR7000660001,KOSPI,186000,8500,4.79,179400,186200,178400,3886874,713077842545,728002365,135408439890000
2025-04-30,SK하이닉스,000660,KR7000660001,KOSPI,177500,-3300,-1.83,179100,180000,176700,2354473,418810546350,728002365,129220419787500
2025-04-29,SK하이닉스,000660,KR7000660001,KOSPI,180800,-1200,-0.66,182000,182900,179100,1866386,337946381750,728002365,131622827592000
2025-04-28,SK하이닉스,000660,KR7000660001,KOSPI,182000,-2400,-1.3,183500,183900,179700,2455710,446486658150,728002365,132496430430000
2025-04-25,SK하이닉스,000660,KR7000660001,KOSPI,184400,6100,3.42,182500,184900,182100,3507810,643236401050,728002365,134243636106000
2025-04-24,SK하이닉스,000660,KR7000660001,KOSPI,178300,-2700,-1.49,182800,183400,177600,3162156,567307528200,728002365,129802821679500
2025-04-23,SK하이닉스,000660,KR7000660001,KOSPI,181000,7200,4.14,179100,181600,178100,3857373,694204494800,728002365,131768428065000
2025-04-22,SK하이닉스,000660,KR7000660001,KOSPI,173800,-2800,-1.59,175000,175500,173300,2008388,350090558400,728002365,126526811037000
2025-04-21,SK하이닉스,000660,KR7000660001,KOSPI,176600,1600,0.91,174800,180000,174500,1877473,333023289800,728002365,128565217659000
2025-04-18,SK하이닉스,000660,KR7000660001,KOSPI,175000,0,0.0,174000,175500,172800,1305152,227190964950,728002365,127400413875000
2025-04-17,SK하이닉스,000660,KR7000660001,KOSPI,175000,1000,0.57,172100,175400,171800,2989493,518847231000,728002365,127400413875000
2025-04-16,SK하이닉스,000660,KR7000660001,KOSPI,174000,-6600,-3.65,176500,177500,173500,2933428,513625295288,728002365,126672411510000
2025-04-15,SK하이닉스,000660,KR7000660001,KOSPI,180600,400,0.22,180200,182400,179700,1915455,346806750872,728002365,131477227119000
2025-04-14,SK하이닉스,000660,KR7000660001,KOSPI,180200,-600,-0.33,182900,184400,178000,3466194,626944507025,728002365,131186026173000
2025-04-11,SK하이닉스,000660,KR7000660001,KOSPI,180800,-2400,-1.31,177800,181800,176100,3223735,576358985600,728002365,131622827592000
2025-04-10,SK하이닉스,000660,KR7000660001,KOSPI,183200,18200,11.03,189700,189900,180000,7836984,1441489112800,728002365,133370033268000
2025-04-09,SK하이닉스,000660,KR7000660001,KOSPI,165000,-4500,-2.65,170000,170000,162700,8035679,1325989995350,728002365,120120390225000
2025-04-08,SK하이닉스,000660,KR7000660001,KOSPI,169500,4700,2.85,172000,173100,168200,4965171,847718116950,728002365,123396400867500
2025-04-07,SK하이닉스,000660,KR7000660001,KOSPI,164800,-17400,-9.55,168000,172800,164800,7879050,1328142523000,728002365,119974789752000
2025-04-04,SK하이닉스,000660,KR7000660001,KOSPI,182200,-12400,-6.37,187900,189600,178400,9182017,1685984859300,728002365,132642030903000
2025-04-03,SK하이닉스,000660,KR7000660001,KOSPI,194600,-3300,-1.67,189600,194600,188200,4177747,802393786600,728002365,141669260229000
2025-04-02,SK하이닉스,000660,KR7000660001,KOSPI,197900,900,0.46,198800,201500,197300,2764223,548735781100,728002365,144071668033500
2025-04-01,SK하이닉스,000660,KR7000660001,KOSPI,197000,6300,3.3,193600,198500,192000,2317253,452715582568,728002365,143416465905000
2025-03-31,SK하이닉스,000660,KR7000660001,KOSPI,190700,-8600,-4.32,193500,195500,190500,4561715,876621938700,728002365,138830051005500
2025-03-28,SK하이닉스,000660,KR7000660001,KOSPI,199300,-7700,-3.72,203000,204500,198900,2673553,534519603200,728002365,145090871344500
2025-03-27,SK하이닉스,000660,KR7000660001,KOSPI,207000,-7000,-3.27,208000,212000,206500,2287220,476716761250,728002365,150696489555000
2025-03-26,SK하이닉스,000660,KR7000660001,KOSPI,214000,6000,2.88,209000,215500,208500,2058540,439676735592,728002365,155792506110000
2025-03-25,SK하이닉스,000660,KR7000660001,KOSPI,208000,-3500,-1.65,214500,215500,208000,2262656,476236293083,728002365,151424491920000
2025-03-24,SK하이닉스,000660,KR7000660001,KOSPI,211500,-4000,-1.86,211500,214500,209500,1611040,341794680250,728002365,153972500197500
2025-03-21,SK하이닉스,000660,KR7000660001,KOSPI,215500,5500,2.62,213500,219500,212000,5731880,1236596921720,728002365,156884509657500
2025-03-20,SK하이닉스,000660,KR7000660001,KOSPI,210000,4500,2.19,207000,211000,205500,2779557,579752913250,728002365,152880496650000
2025-03-19,SK하이닉스,000660,KR7000660001,KOSPI,205500,2500,1.23,202000,209500,201000,3102000,637177605000,728002365,149604486007500
2025-03-18,SK하이닉스,000660,KR7000660001,KOSPI,203000,-3000,-1.46,208500,209000,201000,2696191,550201555250,728002365,147784480095000
2025-03-17,SK하이닉스,000660,KR7000660001,KOSPI,206000,1500,0.73,207000,209500,203500,2584679,533631663000,728002365,149968487190000
2025-03-14,SK하이닉스,000660,KR7000660001,KOSPI,204500,4800,2.4,198500,206000,198500,3397462,689837704000,728002365,148876483642500
2025-03-13,SK하이닉스,000660,KR7000660001,KOSPI,199700,800,0.4,202500,204500,195500,3883033,776558211300,728002365,145382072290500
2025-03-12,SK하이닉스,000660,KR7000660001,KOSPI,198900,11100,5.91,192400,199350,189700,4064278,794706190200,728002365,144799670398500
2025-03-11,SK하이닉스,000660,KR7000660001,KOSPI,187800,-100,-0.05,182100,189000,181300,3521800,649730579920,728002365,136718844147000
2025-03-10,SK하이닉스,000660,KR7000660001,KOSPI,187900,-4500,-2.34,187500,191500,187300,2441476,460628775200,728002365,136791644383500
2025-03-07,SK하이닉스,000660,KR7000660001,KOSPI,192400,0,0.0,191000,192800,187900,2700590,514599743350,728002365,140067655026000
2025-03-06,SK하이닉스,000660,KR7000660001,KOSPI,192400,-700,-0.36,193500,194000,190300,2540131,487906203750,728002365,140067655026000
2025-03-05,SK하이닉스,000660,KR7000660001,KOSPI,193100,7000,3.76,188200,194400,186600,4162368,792823813324,728002365,140577256681500
2025-03-04,SK하이닉스,000660,KR7000660001,KOSPI,186100,-4100,-2.16,184800,187500,184000,5424556,1006609154400,728002365,135481240126500
2025-02-28,SK하이닉스,000660,KR7000660001,KOSPI,190200,-9000,-4.52,191600,193000,188700,5533027,1053368170640,728002365,138466049823000
2025-02-27,SK하이닉스,000660,KR7000660001,KOSPI,199200,-3800,-1.87,204500,205000,198100,3993419,801483462385,728002365,145018071108000
2025-02-26,SK하이닉스,000660,KR7000660001,KOSPI,203000,2500,1.25,199000,206000,198600,3849749,780860303269,728002365,147784480095000
2025-02-25,SK하이닉스,000660,KR7000660001,KOSPI,200500,-4500,-2.2,199800,202000,199200,3651613,731446983774,728002365,145964474182500
2025-02-24,SK하이닉스,000660,KR7000660001,KOSPI,205000,-4500,-2.15,202500,205000,201000,3087127,625258023500,728002365,149240484825000
2025-02-21,SK하이닉스,000660,KR7000660001,KOSPI,209500,-2500,-1.18,209500,211000,205500,2601151,542257643792,728002365,152516495467500
2025-02-20,SK하이닉스,000660,KR7000660001,KOSPI,212000,-6500,-2.97,217000,218500,211000,3080242,661408632000,728002365,154336501380000
2025-02-19,SK하이닉스,000660,KR7000660001,KOSPI,218500,8500,4.05,216000,219500,214000,3537720,770153963750,728002365,159068516752500
2025-02-18,SK하이닉스,000660,KR7000660001,KOSPI,210000,-2000,-0.94,212000,215000,207000,1937894,406272256500,728002365,152880496650000
2025-02-17,SK하이닉스,000660,KR7000660001,KOSPI,212000,2000,0.95,211500,216000,211000,2497922,533048999500,728002365,154336501380000
2025-02-14,SK하이닉스,000660,KR7000660001,KOSPI,210000,1500,0.72,209000,212000,206500,2598656,543419304500,728002365,152880496650000
2025-02-13,SK하이닉스,000660,KR7000660001,KOSPI,208500,9600,4.83,198800,208500,198100,3574410,730557417800,728002365,151788493102500
2025-02-12,SK하이닉스,000660,KR7000660001,KOSPI,198900,-800,-0.4,196500,199900,196000,2884072,571551165100,728002365,144799670398500
2025-02-11,SK하이닉스,000660,KR7000660001,KOSPI,199700,1600,0.81,201000,201500,198000,2488710,496390495100,728002365,145382072290500
2025-02-10,SK하이닉스,000660,KR7000660001,KOSPI,198100,-4900,-2.41,197800,203000,197000,2779740,554180940500,728002365,144217268506500
2025-02-07,SK하이닉스,000660,KR7000660001,KOSPI,203000,-500,-0.25,205000,206000,200500,2206293,447781215500,728002365,147784480095000
2025-02-06,SK하이닉스,000660,KR7000660001,KOSPI,203500,4700,2.36,202000,205000,200500,4032622,819158236800,728002365,148148481277500
2025-02-05,SK하이닉스,000660,KR7000660001,KOSPI,198800,7700,4.03,191900,199400,191900,4245118,835342570774,728002365,144726870162000
2025-02-04,SK하이닉스,000660,KR7000660001,KOSPI,191100,200,0.1,192900,194300,190100,5851146,1124998402477,728002365,139121251951500
2025-02-03,SK하이닉스,000660,KR7000660001,KOSPI,190900,-8300,-4.17,191500,193200,186900,7926444,1507115126941,728002365,138975651478500
2025-01-31,SK하이닉스,000660,KR7000660001,KOSPI,199200,-21800,-9.86,197000,204500,194800,11871995,2370677638450,728002365,145018071108000
2025-01-24,SK하이닉스,000660,KR7000660001,KOSPI,221000,1500,0.68,220500,227000,217500,3771572,838364627936,728002365,160888522665000
2025-01-23,SK하이닉스,000660,KR7000660001,KOSPI,219500,-6000,-2.66,221000,225500,215000,5994781,1318343480000,728002365,159796519117500
2025-01-22,SK하이닉스,000660,KR7000660001,KOSPI,225500,7500,3.44,221500,227000,217000,5901740,1318000464750,728002365,164164533307500
2025-01-21,SK하이닉스,000660,KR7000660001,KOSPI,218000,6000,2.83,216500,220000,214000,3323212,722744790231,728002365,158704515570000
2025-01-20,SK하이닉스,000660,KR7000660001,KOSPI,212000,-2500,-1.17,219000,219000,210500,3036234,647968801214,728002365,154336501380000
2025-01-17,SK하이닉스,000660,KR7000660001,KOSPI,214500,4500,2.14,209500,217500,209000,5041329,1078684611000,728002365,156156507292500
2025-01-16,SK하이닉스,000660,KR7000660001,KOSPI,210000,11800,5.95,208500,210000,206500,6029645,1260003720050,728002365,152880496650000
2025-01-15,SK하이닉스,000660,KR7000660001,KOSPI,198200,3200,1.64,198000,201000,197700,3620460,721291863250,728002365,144290068743000
2025-01-14,SK하이닉스,000660,KR7000660001,KOSPI,195000,700,0.36,194300,197900,193600,3019149,588800948432,728002365,141960461175000
2025-01-13,SK하이닉스,000660,KR7000660001,KOSPI,194300,-9200,-4.52,203000,203000,193900,4767294,939206630700,728002365,141450859519500
2025-01-10,SK하이닉스,000660,KR7000660001,KOSPI,203500,-1500,-0.73,208000,212500,202500,6149475,1275141940365,728002365,148148481277500
2025-01-09,SK하이닉스,000660,KR7000660001,KOSPI,205000,10300,5.29,201000,206000,199800,6692254,1359638086600,728002365,149240484825000
2025-01-08,SK하이닉스,000660,KR7000660001,KOSPI,194700,-300,-0.15,193100,198100,191000,4275792,832264534297,728002365,141742060465500
2025-01-07,SK하이닉스,000660,KR7000660001,KOSPI,195000,-4800,-2.4,205000,206500,194800,6075445,1208884342340,728002365,141960461175000
2025-01-06,SK하이닉스,000660,KR7000660001,KOSPI,199800,17900,9.84,184400,199800,184400,7320382,1415140958700,728002365,145454872527000
2025-01-03,SK하이닉스,000660,KR7000660001,KOSPI,181900,10700,6.25,174500,182700,173100,4233446,760554633376,728002365,132423630193500
2025-01-02,SK하이닉스,000660,KR7000660001,KOSPI,171200,-2700,-1.55,170500,172200,170000,2102175,358922920000,728002365,124634004888000
2024-12-30,SK하이닉스,000660,KR7000660001,KOSPI,173900,-600,-0.34,174000,175800,172400,1434202,250367749400,728002365,126599611273500
2024-12-27,SK하이닉스,000660,KR7000660001,KOSPI,174500,4400,2.59,170100,176000,170000,2643523,459886497400,728002365,127036412692500
2024-12-26,SK하이닉스,000660,KR7000660001,KOSPI,170100,1600,0.95,170000,172000,169400,2022727,345252114800,728002365,123833202286500
2024-12-24,SK하이닉스,000660,KR7000660001,KOSPI,168500,-1100,-0.65,171700,171900,168300,1844961,312884954400,728002365,122668398502500
2024-12-23,SK하이닉스,000660,KR7000660001,KOSPI,169600,1100,0.65,170000,173300,169600,3287596,562547050905,728002365,123469201104000
2024-12-20,SK하이닉스,000660,KR7000660001,KOSPI,168500,-6500,-3.71,174100,174800,167100,4487308,759899327600,728002365,122668398502500
2024-12-19,SK하이닉스,000660,KR7000660001,KOSPI,175000,-8500,-4.63,173900,176800,173000,4833862,846437012124,728002365,127400413875000
2024-12-18,SK하이닉스,000660,KR7000660001,KOSPI,183500,-500,-0.27,183400,183900,181600,2363872,432146270780,728002365,133588433977500
2024-12-17,SK하이닉스,000660,KR7000660001,KOSPI,184000,4700,2.62,183000,184500,182100,3188910,586093517788,728002365,133952435160000
2024-12-16,SK하이닉스,000660,KR7000660001,KOSPI,179300,3800,2.17,177400,180400,177300,3278975,586614707000,728002365,130530824044500
2024-12-13,SK하이닉스,000660,KR7000660001,KOSPI,175500,-600,-0.34,174400,176400,173500,3677980,643515029446,728002365,127764415057500
2024-12-12,SK하이닉스,000660,KR7000660001,KOSPI,176100,4300,2.5,176500,177400,173500,4550292,799323588844,728002365,128201216476500
2024-12-11,SK하이닉스,000660,KR7000660001,KOSPI,171800,1400,0.82,167400,171800,167000,2281189,386475447400,728002365,125070806307000
2024-12-10,SK하이닉스,000660,KR7000660001,KOSPI,170400,1500,0.89,168000,170400,167600,3159112,534512101470,728002365,124051602996000
2024-12-09,SK하이닉스,000660,KR7000660001,KOSPI,168900,1800,1.08,167100,170600,165000,5305672,892260675608,728002365,122959599448500
2024-12-06,SK하이닉스,000660,KR7000660001,KOSPI,167100,-5900,-3.41,173500,173600,165000,4434259,744043079742,728002365,121649195191500
2024-12-05,SK하이닉스,000660,KR7000660001,KOSPI,173000,5000,2.98,170000,175600,169300,4671438,809096221721,728002365,125944409145000
2024-12-04,SK하이닉스,000660,KR7000660001,KOSPI,168000,3100,1.88,161300,168000,161100,5701792,941673740600,728002365,122304397320000
2024-12-03,SK하이닉스,000660,KR7000660001,KOSPI,164900,6100,3.84,159200,165100,159100,4180365,677103146098,728002365,120047589988500
2024-12-02,SK하이닉스,000660,KR7000660001,KOSPI,158800,-1100,-0.69,162200,162700,158600,3558868,570038249000,728002365,115606775562000
2024-11-29,SK하이닉스,000660,KR7000660001,KOSPI,159900,-1200,-0.74,160000,162400,157600,4682788,748131979100,728002365,116407578163500
2024-11-28,SK하이닉스,000660,KR7000660001,KOSPI,161100,-7200,-4.28,164600,166300,160800,5691298,925873640830,728002365,117281181001500
2024-11-27,SK하이닉스,000660,KR7000660001,KOSPI,168300,-8800,-4.97,175600,175700,167900,4756820,809509864701,728002365,122522798029500
2024-11-26,SK하이닉스,000660,KR7000660001,KOSPI,177100,100,0.06,175200,177700,174700,1996128,352917053292,728002365,128929218841500
2024-11-25,SK하이닉스,000660,KR7000660001,KOSPI,177000,300,0.17,174500,179500,173900,4393882,778801005491,728002365,128856418605000
2024-11-22,SK하이닉스,000660,KR7000660001,KOSPI,176700,7900,4.68,171700,178200,171200,3919973,687014396004,728002365,128638017895500
2024-11-21,SK하이닉스,000660,KR7000660001,KOSPI,168800,-1800,-1.06,168200,173000,168200,3821502,650691306000,728002365,122886799212000
2024-11-20,SK하이닉스,000660,KR7000660001,KOSPI,170600,0,0.0,175000,175100,170200,3689296,636442685500,728002365,124197203469000
2024-11-19,SK하이닉스,000660,KR7000660001,KOSPI,170600,-1100,-0.64,170400,172900,168100,4075013,694275930300,728002365,124197203469000
2024-11-18,SK하이닉스,000660,KR7000660001,KOSPI,171700,-6500,-3.65,173800,177800,170300,3885644,672939356300,728002365,124998006070500
2024-11-15,SK하이닉스,000660,KR7000660001,KOSPI,178200,5200,3.01,174000,179000,173600,4330750,767732381719,728002365,129730021443000
2024-11-14,SK하이닉스,000660,KR7000660001,KOSPI,173000,-9900,-5.41,182900,184900,171700,6309368,1103542727800,728002365,125944409145000
2024-11-13,SK하이닉스,000660,KR7000660001,KOSPI,182900,-2900,-1.56,185700,189500,182600,3172827,588572745382,728002365,133151632558500
2024-11-12,SK하이닉스,000660,KR7000660001,KOSPI,185800,-6800,-3.53,192500,192500,184900,3920254,735920823896,728002365,135262839417000
2024-11-11,SK하이닉스,000660,KR7000660001,KOSPI,192600,-7900,-3.94,199300,199300,192400,2636191,513600515900,728002365,140213255499000
2024-11-08,SK하이닉스,000660,KR7000660001,KOSPI,200500,3100,1.57,200500,203000,198800,3031573,609386355500,728002365,145964474182500
2024-11-07,SK하이닉스,000660,KR7000660001,KOSPI,197400,1600,0.82,197400,198300,193100,2976546,584762102000,728002365,143707666851000
2024-11-06,SK하이닉스,000660,KR7000660001,KOSPI,195800,2600,1.35,197700,199200,192700,3460361,678932664000,728002365,142542863067000
2024-11-05,SK하이닉스,000660,KR7000660001,KOSPI,193200,-800,-0.41,193600,198800,192100,3560310,694370208200,728002365,140650056918000
2024-11-04,SK하이닉스,000660,KR7000660001,KOSPI,194000,11800,6.48,185200,194000,183700,3569575,678440543400,728002365,141232458810000
2024-11-01,SK하이닉스,000660,KR7000660001,KOSPI,182200,-4100,-2.2,182500,184900,180500,3478519,635191353700,728002365,132642030903000
2024-10-31,SK하이닉스,000660,KR7000660001,KOSPI,186300,-8700,-4.46,189900,192900,186100,4573282,860701411700,728002365,135626840599500
2024-10-30,SK하이닉스,000660,KR7000660001,KOSPI,195000,4700,2.47,190200,195400,189400,3580400,692875787184,728002365,141960461175000
2024-10-29,SK하이닉스,000660,KR7000660001,KOSPI,190300,-5700,-2.91,196000,197000,189100,4067991,777432774400,728002365,138538850059500
2024-10-28,SK하이닉스,000660,KR7000660001,KOSPI,196000,-5000,-2.49,203500,205000,194200,4114186,816480172676,728002365,142688463540000
2024-10-25,SK하이닉스,000660,KR7000660001,KOSPI,201000,2800,1.41,203000,206000,199400,5530362,1120582740534,728002365,146328475365000
2024-10-24,SK하이닉스,000660,KR7000660001,KOSPI,198200,2200,1.12,193500,202000,190000,6344515,1253030961050,728002365,144290068743000
2024-10-23,SK하이닉스,000660,KR7000660001,KOSPI,196000,8200,4.37,188500,196700,188000,4366079,845811727700,728002365,142688463540000
2024-10-22,SK하이닉스,000660,KR7000660001,KOSPI,187800,-3100,-1.62,195300,195300,187500,3466963,662401590300,728002365,136718844147000
2024-10-21,SK하이닉스,000660,KR7000660001,KOSPI,190900,3600,1.92,189400,192300,188000,2428544,463396454100,728002365,138975651478500
2024-10-18,SK하이닉스,000660,KR7000660001,KOSPI,187300,-8700,-4.44,198200,198200,186200,5509895,1047211211928,728002365,136354842964500
2024-10-17,SK하이닉스,000660,KR7000660001,KOSPI,196000,7300,3.87,191200,196000,188700,3996946,766062991925,728002365,142688463540000
2024-10-16,SK하이닉스,000660,KR7000660001,KOSPI,188700,-4200,-2.18,184700,192500,183600,4787317,898265411400,728002365,137374046275500
2024-10-15,SK하이닉스,000660,KR7000660001,KOSPI,192900,5400,2.88,191900,193200,189700,4060365,779386293200,728002365,140431656208500
2024-10-14,SK하이닉스,000660,KR7000660001,KOSPI,187500,1500,0.81,186900,192300,186900,3309274,625997612700,728002365,136500443437500
2024-10-11,SK하이닉스,000660,KR7000660001,KOSPI,186000,-700,-0.37,190000,191200,185100,3475666,651217925890,728002365,135408439890000
2024-10-10,SK하이닉스,000660,KR7000660001,KOSPI,186700,8700,4.89,184500,188100,183400,6325045,1175975386550,728002365,135918041545500
2024-10-08,SK하이닉스,000660,KR7000660001,KOSPI,178000,-6900,-3.73,182200,185000,178000,3988028,720348427108,728002365,129584420970000
2024-10-07,SK하이닉스,000660,KR7000660001,KOSPI,184900,10800,6.2,178400,184900,176000,3904925,705726200700,728002365,134607637288500
2024-10-04,SK하이닉스,000660,KR7000660001,KOSPI,174100,5000,2.96,171700,175600,170700,3633358,631393491416,728002365,126745211746500
2024-10-02,SK하이닉스,000660,KR7000660001,KOSPI,169100,-5500,-3.15,172700,175500,169100,4720638,810120111800,728002365,123105199921500
2024-09-30,SK하이닉스,000660,KR7000660001,KOSPI,174600,-9200,-5.01,183700,183800,174600,4859468,866892945285,728002365,127109212929000
2024-09-27,SK하이닉스,000660,KR7000660001,KOSPI,183800,2900,1.6,187500,189300,183800,6886272,1282739690900,728002365,133806834687000
2024-09-26,SK하이닉스,000660,KR7000660001,KOSPI,180900,15600,9.44,178400,180900,176200,9519633,1705712584300,728002365,131695627828500
2024-09-25,SK하이닉스,000660,KR7000660001,KOSPI,165300,1800,1.1,166700,169300,165000,4665075,780853478632,728002365,120338790934500
2024-09-24,SK하이닉스,000660,KR7000660001,KOSPI,163500,1500,0.93,163700,163700,159200,3442530,556960896799,728002365,119028386677500
2024-09-23,SK하이닉스,000660,KR7000660001,KOSPI,162000,4900,3.12,155800,162900,155700,4497592,722272949700,728002365,117936383130000
2024-09-20,SK하이닉스,000660,KR7000660001,KOSPI,157100,4300,2.81,160500,160800,155900,7155655,1131269181064,728002365,114369171541500
2024-09-19,SK하이닉스,000660,KR7000660001,KOSPI,152800,-10000,-6.14,154700,155700,144700,15001257,2252832679920,728002365,111238761372000
2024-09-13,SK하이닉스,000660,KR7000660001,KOSPI,162800,-6000,-3.55,166500,166700,161100,5246578,858303029100,728002365,118518785022000
2024-09-12,SK하이닉스,000660,KR7000660001,KOSPI,168800,11600,7.38,165200,171300,163800,8628996,1448494775000,728002365,122886799212000
2024-09-11,SK하이닉스,000660,KR7000660001,KOSPI,157200,1700,1.09,156800,158700,154300,3203928,502162522100,728002365,114441971778000
2024-09-10,SK하이닉스,000660,KR7000660001,KOSPI,155500,-1500,-0.96,157400,161700,154300,4718523,743554238700,728002365,113204367757500
2024-09-09,SK하이닉스,000660,KR7000660001,KOSPI,157000,600,0.38,151800,157700,150500,4484162,690588191000,728002365,114296371305000
2024-09-06,SK하이닉스,000660,KR7000660001,KOSPI,156400,-3000,-1.88,157100,158200,154900,3459914,540878643790,728002365,113859569886000
2024-09-05,SK하이닉스,000660,KR7000660001,KOSPI,159400,4600,2.97,157000,163000,156600,5349484,852321306050,728002365,116043576981000
2024-09-04,SK하이닉스,000660,KR7000660001,KOSPI,154800,-13500,-8.02,152900,159000,152900,10020391,1562780316181,728002365,112694766102000
2024-09-03,SK하이닉스,000660,KR7000660001,KOSPI,168300,-5700,-3.28,172900,173800,168300,3286574,561624316800,728002365,122522798029500
2024-09-02,SK하이닉스,000660,KR7000660001,KOSPI,174000,300,0.17,173600,174900,168400,3507670,603452753000,728002365,126672411510000
2024-08-30,SK하이닉스,000660,KR7000660001,KOSPI,173700,4000,2.36,171000,175500,169400,4498221,777224540112,728002365,126454010800500
2024-08-29,SK하이닉스,000660,KR7000660001,KOSPI,169700,-9600,-5.35,167600,171700,167200,8284585,1401104377307,728002365,123542001340500
2024-08-28,SK하이닉스,000660,KR7000660001,KOSPI,179300,4300,2.46,175000,180800,174000,5590086,990245614800,728002365,130530824044500
2024-08-27,SK하이닉스,000660,KR7000660001,KOSPI,175000,-4600,-2.56,176800,180200,173400,5796566,1019901821280,728002365,127400413875000
2024-08-26,SK하이닉스,000660,KR7000660001,KOSPI,179600,-5900,-3.18,187800,188500,179600,4913204,895835545600,728002365,130749224754000
2024-08-23,SK하이닉스,000660,KR7000660001,KOSPI,185500,-5600,-2.93,186000,189300,185400,4371332,816524629000,728002365,135044438707500
2024-08-22,SK하이닉스,000660,KR7000660001,KOSPI,191100,-1500,-0.78,192000,194400,189000,3166217,605771429500,728002365,139121251951500
2024-08-21,SK하이닉스,000660,KR7000660001,KOSPI,192600,-7100,-3.56,193000,195400,191100,4508983,869118978200,728002365,140213255499000
2024-08-20,SK하이닉스,000660,KR7000660001,KOSPI,199700,5800,2.99,198700,202500,198100,4258190,853193471878,728002365,145382072290500
2024-08-19,SK하이닉스,000660,KR7000660001,KOSPI,193900,-5800,-2.9,199900,199900,192400,3977026,777397143900,728002365,141159658573500
2024-08-16,SK하이닉스,000660,KR7000660001,KOSPI,199700,13000,6.96,196000,200000,194700,6959688,1376475031084,728002365,145382072290500
2024-08-14,SK하이닉스,000660,KR7000660001,KOSPI,186700,4800,2.64,188000,188100,184700,4420516,825169822500,728002365,135918041545500
2024-08-13,SK하이닉스,000660,KR7000660001,KOSPI,181900,4900,2.77,179900,182400,178800,4234287,764400807200,728002365,132423630193500
2024-08-12,SK하이닉스,000660,KR7000660001,KOSPI,177000,5500,3.21,174500,179800,172600,4413736,782041884600,728002365,128856418605000
2024-08-09,SK하이닉스,000660,KR7000660001,KOSPI,171500,8100,4.96,172800,172800,168800,5141277,878158271254,728002365,124852405597500
2024-08-08,SK하이닉스,000660,KR7000660001,KOSPI,163400,-5900,-3.48,162600,168200,161200,5370361,880065942750,728002365,118955586441000
2024-08-07,SK하이닉스,000660,KR7000660001,KOSPI,169300,5600,3.42,160900,171000,157400,9732037,1606879911535,728002365,123250800394500
2024-08-06,SK하이닉스,000660,KR7000660001,KOSPI,163700,7600,4.87,165100,166400,161500,10717321,1760799117820,728002365,119173987150500
2024-08-05,SK하이닉스,000660,KR7000660001,KOSPI,156100,-17100,-9.87,168000,171200,151600,12358821,1991368926669,728002365,113641169176500
2024-08-02,SK하이닉스,000660,KR7000660001,KOSPI,173200,-20100,-10.4,183600,184000,172400,13050139,2305548692308,728002365,126090009618000
2024-08-01,SK하이닉스,000660,KR7000660001,KOSPI,193300,-1300,-0.67,201500,201500,193300,6457167,1274255464000,728002365,140722857154500
2024-07-31,SK하이닉스,000660,KR7000660001,KOSPI,194600,5700,3.02,188000,195000,185200,6439929,1228259251360,728002365,141669260229000
2024-07-30,SK하이닉스,000660,KR7000660001,KOSPI,188900,-6700,-3.43,191300,192200,186500,5165131,973145109400,728002365,137519646748500
2024-07-29,SK하이닉스,000660,KR7000660001,KOSPI,195600,3800,1.98,195000,195700,192200,4017366,781013281950,728002365,142397262594000
2024-07-26,SK하이닉스,000660,KR7000660001,KOSPI,191800,1800,0.95,190800,194500,186100,8769107,1670363205934,728002365,139630853607000
2024-07-25,SK하이닉스,000660,KR7000660001,KOSPI,190000,-18500,-8.87,196200,198800,189000,12503762,2411730871900,728002365,138320449350000
2024-07-24,SK하이닉스,000660,KR7000660001,KOSPI,208500,3500,1.71,202000,212500,200000,4838734,1003813878000,728002365,151788493102500
2024-07-23,SK하이닉스,000660,KR7000660001,KOSPI,205000,0,0.0,208500,209500,200500,5976519,1224619868908,728002365,149240484825000
2024-07-22,SK하이닉스,000660,KR7000660001,KOSPI,205000,-4500,-2.15,209000,209500,200500,6662441,1363039398518,728002365,149240484825000
2024-07-19,SK하이닉스,000660,KR7000660001,KOSPI,209500,-3000,-1.41,208500,214000,207000,4519170,949039126250,728002365,152516495467500
2024-07-18,SK하이닉스,000660,KR7000660001,KOSPI,212500,-8000,-3.63,212500,215000,209000,8847665,1873308230130,728002365,154700502562500
2024-07-17,SK하이닉스,000660,KR7000660001,KOSPI,220500,-12500,-5.36,229500,230000,220500,6051510,1354821751250,728002365,160524521482500
2024-07-16,SK하이닉스,000660,KR7000660001,KOSPI,233000,3000,1.3,226500,235000,224000,3982189,918962353372,728002365,169624551045000
2024-07-15,SK하이닉스,000660,KR7000660001,KOSPI,230000,-3000,-1.29,235000,235500,226500,3301380,763989336500,728002365,167440543950000
2024-07-12,SK하이닉스,000660,KR7000660001,KOSPI,233000,-8000,-3.32,232000,236000,230000,4972976,1157877980500,728002365,169624551045000
2024-07-11,SK하이닉스,000660,KR7000660001,KOSPI,241000,2000,0.84,242500,248500,241000,5336097,1303368111500,728002365,175448569965000
2024-07-10,SK하이닉스,000660,KR7000660001,KOSPI,239000,500,0.21,237500,239000,234000,2579373,611201512750,728002365,173992565235000
2024-07-09,SK하이닉스,000660,KR7000660001,KOSPI,238500,5000,2.14,235500,241000,233000,4810781,1143174601859,728002365,173628564052500
2024-07-08,SK하이닉스,000660,KR7000660001,KOSPI,233500,-2500,-1.06,234000,237000,232500,2309023,540444769469,728002365,169988552227500
2024-07-05,SK하이닉스,000660,KR7000660001,KOSPI,236000,6000,2.61,228500,237500,227500,4041293,942906556000,728002365,171808558140000
2024-07-04,SK하이닉스,000660,KR7000660001,KOSPI,230000,-6000,-2.54,240500,240500,225000,7599882,1754420280262,728002365,167440543950000
2024-07-03,SK하이닉스,000660,KR7000660001,KOSPI,236000,4000,1.72,231000,236000,225000,3315677,765077936994,728002365,171808558140000
2024-07-02,SK하이닉스,000660,KR7000660001,KOSPI,232000,-3500,-1.49,235500,237000,230500,2343947,547269198077,728002365,168896548680000
2024-07-01,SK하이닉스,000660,KR7000660001,KOSPI,235500,-1000,-0.42,233500,236500,232000,1709955,400886751500,728002365,171444556957500
2024-06-28,SK하이닉스,000660,KR7000660001,KOSPI,236500,0,0.0,235500,237500,232500,2368287,557342030500,728002365,172172559322500
2024-06-27,SK하이닉스,000660,KR7000660001,KOSPI,236500,-500,-0.21,229500,239000,227500,3763005,878989672000,728002365,172172559322500
2024-06-26,SK하이닉스,000660,KR7000660001,KOSPI,237000,12000,5.33,228000,238500,227500,5166862,1207855980000,728002365,172536560505000
2024-06-25,SK하이닉스,000660,KR7000660001,KOSPI,225000,2000,0.9,215500,225000,215000,5730999,1265955855500,728002365,163800532125000
2024-06-24,SK하이닉스,000660,KR7000660001,KOSPI,223000,-11000,-4.7,228000,230000,220000,5080726,1136220620500,728002365,162344527395000
2024-06-21,SK하이닉스,000660,KR7000660001,KOSPI,234000,-3500,-1.47,230500,234500,230000,3848394,893734483178,728002365,170352553410000
2024-06-20,SK하이닉스,000660,KR7000660001,KOSPI,237500,4000,1.71,233500,238500,231000,2927358,690353793367,728002365,172900561687500
2024-06-19,SK하이닉스,000660,KR7000660001,KOSPI,233500,-1000,-0.43,235000,243000,231500,3758652,889433317870,728002365,169988552227500
2024-06-18,SK하이닉스,000660,KR7000660001,KOSPI,234500,11500,5.16,227000,234500,227000,3136231,725327503114,728002365,170716554592500
2024-06-17,SK하이닉스,000660,KR7000660001,KOSPI,223000,2000,0.9,219000,229500,219000,2198340,493039410000,728002365,162344527395000
2024-06-14,SK하이닉스,000660,KR7000660001,KOSPI,221000,-1000,-0.45,225000,225000,216000,3311223,730644813343,728002365,160888522665000
2024-06-13,SK하이닉스,000660,KR7000660001,KOSPI,222000,7000,3.26,226000,226500,219000,5777279,1292420493649,728002365,161616525030000
2024-06-12,SK하이닉스,000660,KR7000660001,KOSPI,215000,2500,1.18,212000,216000,211000,2151331,459699813376,728002365,156520508475000
2024-06-11,SK하이닉스,000660,KR7000660001,KOSPI,212500,4500,2.16,210000,215000,206000,3070163,647746581000,728002365,154700502562500
2024-06-10,SK하이닉스,000660,KR7000660001,KOSPI,208000,500,0.24,206000,209500,205000,2448961,508789448000,728002365,151424491920000
2024-06-07,SK하이닉스,000660,KR7000660001,KOSPI,207500,13800,7.12,199500,207500,197300,4805326,976785683968,728002365,151060490737500
2024-06-05,SK하이닉스,000660,KR7000660001,KOSPI,193700,400,0.21,189400,195200,188800,2709631,519753179900,728002365,141014058100500
2024-06-04,SK하이닉스,000660,KR7000660001,KOSPI,193300,-900,-0.46,196400,196500,192900,1996780,387926318936,728002365,140722857154500
2024-06-03,SK하이닉스,000660,KR7000660001,KOSPI,194200,5000,2.64,189500,194600,188200,2982443,571760605900,728002365,141378059283000
2024-05-31,SK하이닉스,000660,KR7000660001,KOSPI,189200,-6500,-3.32,194400,195200,188200,5958829,1131954708965,728002365,137738047458000
2024-05-30,SK하이닉스,000660,KR7000660001,KOSPI,195700,-6800,-3.36,202500,202500,195700,2402236,475957922800,728002365,142470062830500
2024-05-29,SK하이닉스,000660,KR7000660001,KOSPI,202500,0,0.0,210000,210000,200500,3073139,625798561849,728002365,147420478912500
2024-05-28,SK하이닉스,000660,KR7000660001,KOSPI,202500,1000,0.5,202500,205500,200500,2084945,421758880180,728002365,147420478912500
2024-05-27,SK하이닉스,000660,KR7000660001,KOSPI,201500,2900,1.46,203500,209000,199100,4774882,978796178200,728002365,146692476547500
2024-05-24,SK하이닉스,000660,KR7000660001,KOSPI,198600,-1400,-0.7,199800,202500,197500,3793872,757806938160,728002365,144581269689000
2024-05-23,SK하이닉스,000660,KR7000660001,KOSPI,200000,2300,1.16,203500,204000,198200,4681849,942514526000,728002365,145600473000000
2024-05-22,SK하이닉스,000660,KR7000660001,KOSPI,197700,5700,2.97,191900,197700,190900,3949439,772253711200,728002365,143926067560500
2024-05-21,SK하이닉스,000660,KR7000660001,KOSPI,192000,1900,1.0,193400,193500,191200,2468109,474582587000,728002365,139776454080000
2024-05-20,SK하이닉스,000660,KR7000660001,KOSPI,190100,200,0.11,192300,193200,188600,3592128,684608014646,728002365,138393249586500
2024-05-17,SK하이닉스,000660,KR7000660001,KOSPI,189900,-3100,-1.61,192000,193500,189900,2841394,544088599400,728002365,138247649113500
2024-05-16,SK하이닉스,000660,KR7000660001,KOSPI,193000,7700,4.16,191100,194000,191100,5083178,980294203800,728002365,140504456445000
2024-05-14,SK하이닉스,000660,KR7000660001,KOSPI,185300,1500,0.82,184200,185800,181800,2763069,508578836378,728002365,134898838234500
2024-05-13,SK하이닉스,000660,KR7000660001,KOSPI,183800,3900,2.17,180000,184000,179000,3230023,589193773600,728002365,133806834687000
2024-05-10,SK하이닉스,000660,KR7000660001,KOSPI,179900,4500,2.57,176500,180100,176400,2813668,503861705500,728002365,130967625463500
2024-05-09,SK하이닉스,000660,KR7000660001,KOSPI,175400,-2600,-1.46,179000,179400,175400,2861600,505839447700,728002365,127691614821000
2024-05-08,SK하이닉스,000660,KR7000660001,KOSPI,178000,-1600,-0.89,177600,179400,176000,2304744,409386290259,728002365,129584420970000
2024-05-07,SK하이닉스,000660,KR7000660001,KOSPI,179600,6400,3.7,179400,180900,179300,4349589,783410870300,728002365,130749224754000
2024-05-03,SK하이닉스,000660,KR7000660001,KOSPI,173200,-400,-0.23,177000,177500,173200,2336256,408840628653,728002365,126090009618000
2024-05-02,SK하이닉스,000660,KR7000660001,KOSPI,173600,-600,-0.34,169000,174700,169000,3168250,546282543035,728002365,126381210564000
2024-04-30,SK하이닉스,000660,KR7000660001,KOSPI,174200,-1700,-0.97,175900,179000,173800,3655060,640736439440,728002365,126818011983000
2024-04-29,SK하이닉스,000660,KR7000660001,KOSPI,175900,-1900,-1.07,179100,180400,175600,2892809,513571847733,728002365,128055616003500
2024-04-26,SK하이닉스,000660,KR7000660001,KOSPI,177800,7200,4.22,176200,178300,174900,5471765,967256909110,728002365,129438820497000
2024-04-25,SK하이닉스,000660,KR7000660001,KOSPI,170600,-9200,-5.12,173800,176700,170600,5332149,923564574300,728002365,124197203469000
2024-04-24,SK하이닉스,000660,KR7000660001,KOSPI,179800,8800,5.15,178900,180200,176300,4254632,761849402988,728002365,130894825227000
2024-04-23,SK하이닉스,000660,KR7000660001,KOSPI,171000,-600,-0.35,172600,173700,169700,3975371,683377354093,728002365,124488404415000
2024-04-22,SK하이닉스,000660,KR7000660001,KOSPI,171600,-1700,-0.98,170700,172400,167000,5882906,995024404200,728002365,124925205834000
2024-04-19,SK하이닉스,000660,KR7000660001,KOSPI,173300,-9000,-4.94,177200,178500,169500,7545976,1309025865050,728002365,126162809854500
2024-04-18,SK하이닉스,000660,KR7000660001,KOSPI,182300,3600,2.01,176000,183300,175400,4170243,749108505216,728002365,132714831139500
2024-04-17,SK하이닉스,000660,KR7000660001,KOSPI,178700,-400,-0.22,179600,182500,177700,4340591,782580683976,728002365,130094022625500
2024-04-16,SK하이닉스,000660,KR7000660001,KOSPI,179100,-9100,-4.84,184400,185500,178300,4956035,894705413400,728002365,130385223571500
2024-04-15,SK하이닉스,000660,KR7000660001,KOSPI,188200,800,0.43,185400,188400,183000,2672047,496547354800,728002365,137010045093000
2024-04-12,SK하이닉스,000660,KR7000660001,KOSPI,187400,-1000,-0.53,188700,191400,187000,3097301,585526542652,728002365,136427643201000
2024-04-11,SK하이닉스,000660,KR7000660001,KOSPI,188400,5500,3.01,182900,188400,182400,4098231,761725042350,728002365,137155645566000
2024-04-09,SK하이닉스,000660,KR7000660001,KOSPI,182900,1700,0.94,182300,185300,181700,2302751,422386970500,728002365,133151632558500
2024-04-08,SK하이닉스,000660,KR7000660001,KOSPI,181200,-1600,-0.88,183900,183900,180000,3278855,595819401246,728002365,131914028538000
2024-04-05,SK하이닉스,000660,KR7000660001,KOSPI,182800,-5200,-2.77,184800,187600,181800,4043133,743445102300,728002365,133078832322000
2024-04-04,SK하이닉스,000660,KR7000660001,KOSPI,188000,8800,4.91,184400,188500,184000,5344102,997149126863,728002365,136864444620000
2024-04-03,SK하이닉스,000660,KR7000660001,KOSPI,179200,-7100,-3.81,182000,183700,178200,5416518,977144796396,728002365,130458023808000
2024-04-02,SK하이닉스,000660,KR7000660001,KOSPI,186300,800,0.43,188000,190000,184400,4207759,786802337600,728002365,135626840599500
2024-04-01,SK하이닉스,000660,KR7000660001,KOSPI,185500,2500,1.37,186400,190500,185000,2723474,508350180100,728002365,135044438707500
2024-03-29,SK하이닉스,000660,KR7000660001,KOSPI,183000,4800,2.69,179200,183900,177600,3035080,550258980100,728002365,133224432795000
2024-03-28,SK하이닉스,000660,KR7000660001,KOSPI,178200,-3000,-1.66,178000,182100,178000,3424716,616313637894,728002365,129730021443000
2024-03-27,SK하이닉스,000660,KR7000660001,KOSPI,181200,4600,2.6,176700,183000,175600,5774536,1044760621732,728002365,131914028538000
2024-03-26,SK하이닉스,000660,KR7000660001,KOSPI,176600,7200,4.25,172000,179500,171900,6549669,1156363933615,728002365,128565217659000
2024-03-25,SK하이닉스,000660,KR7000660001,KOSPI,169400,-400,-0.24,170500,174800,168500,3434516,585770629900,728002365,123323600631000
2024-03-22,SK하이닉스,000660,KR7000660001,KOSPI,169800,-200,-0.12,169000,173900,167400,5400916,921768181500,728002365,123614801577000
2024-03-21,SK하이닉스,000660,KR7000660001,KOSPI,170000,13500,8.63,165200,171400,162600,9205769,1539414423700,728002365,123760402050000
2024-03-20,SK하이닉스,000660,KR7000660001,KOSPI,156500,-3700,-2.31,160200,161400,154100,5692523,893196442951,728002365,113932370122500
2024-03-19,SK하이닉스,000660,KR7000660001,KOSPI,160200,-4100,-2.5,161700,161800,157600,4159293,662956945327,728002365,116625978873000
2024-03-18,SK하이닉스,000660,KR7000660001,KOSPI,164300,3100,1.92,161200,164500,161000,2696598,438798567500,728002365,119610788569500
2024-03-15,SK하이닉스,000660,KR7000660001,KOSPI,161200,-700,-0.43,159600,162900,158600,4099531,658493541600,728002365,117353981238000
2024-03-14,SK하이닉스,000660,KR7000660001,KOSPI,161900,-1700,-1.04,163600,164200,161100,3655060,592440107700,728002365,117863582893500
2024-03-13,SK하이닉스,000660,KR7000660001,KOSPI,163600,-2100,-1.27,168600,169700,162000,5072935,835588610374,728002365,119101186914000
2024-03-12,SK하이닉스,000660,KR7000660001,KOSPI,165700,-900,-0.54,166100,167200,164000,3102706,513176165205,728002365,120629991880500
2024-03-11,SK하이닉스,000660,KR7000660001,KOSPI,166600,-5300,-3.08,165000,168900,164700,3450905,575360328400,728002365,121285194009000
2024-03-08,SK하이닉스,000660,KR7000660001,KOSPI,171900,7000,4.24,169800,174900,169300,5089650,877328789422,728002365,125143606543500
2024-03-07,SK하이닉스,000660,KR7000660001,KOSPI,164900,2000,1.23,164500,165900,161000,3052700,499310409394,728002365,120047589988500
2024-03-06,SK하이닉스,000660,KR7000660001,KOSPI,162900,-2900,-1.75,164100,165500,162700,2672526,437195904300,728002365,118591585258500
2024-03-05,SK하이닉스,000660,KR7000660001,KOSPI,165800,-700,-0.42,165100,169000,164100,3612530,600616918100,728002365,120702792117000
2024-03-04,SK하이닉스,000660,KR7000660001,KOSPI,166500,10300,6.59,161000,168100,160700,5230909,858856763500,728002365,121212393772500
2024-02-29,SK하이닉스,000660,KR7000660001,KOSPI,156200,-1800,-1.14,154900,158400,154500,3386307,530044185000,728002365,113713969413000
2024-02-28,SK하이닉스,000660,KR7000660001,KOSPI,158000,4200,2.73,154500,159200,153800,3666960,576353149700,728002365,115024373670000
2024-02-27,SK하이닉스,000660,KR7000660001,KOSPI,153800,-8000,-4.94,159000,160000,153300,6107954,951985016400,728002365,111966763737000
2024-02-26,SK하이닉스,000660,KR7000660001,KOSPI,161800,400,0.25,158400,164800,158400,4329477,701539010939,728002365,117790782657000
2024-02-23,SK하이닉스,000660,KR7000660001,KOSPI,161400,4900,3.13,166900,166900,159800,7012032,1142698765200,728002365,117499581711000
2024-02-22,SK하이닉스,000660,KR7000660001,KOSPI,156500,7500,5.03,154500,156500,152600,5966352,924601274508,728002365,113932370122500
2024-02-21,SK하이닉스,000660,KR7000660001,KOSPI,149000,-600,-0.4,147100,152200,147100,4278500,639564810500,728002365,108472352385000
2024-02-20,SK하이닉스,000660,KR7000660001,KOSPI,149600,-1700,-1.12,150300,151100,147500,3507601,523749875488,728002365,108909153804000
2024-02-19,SK하이닉스,000660,KR7000660001,KOSPI,151300,4500,3.07,146200,153200,146000,3997323,603119297000,728002365,110146757824500
2024-02-16,SK하이닉스,000660,KR7000660001,KOSPI,146800,-1900,-1.28,150600,150600,145700,3265836,481598717400,728002365,106870747182000
2024-02-15,SK하이닉스,000660,KR7000660001,KOSPI,148700,0,0.0,151300,152700,148000,3560211,533512289500,728002365,108253951675500
2024-02-14,SK하이닉스,000660,KR7000660001,KOSPI,148700,-1300,-0.87,146300,149200,144900,4396924,647226851600,728002365,108253951675500
2024-02-13,SK하이닉스,000660,KR7000660001,KOSPI,150000,7200,5.04,146800,150000,145000,6902585,1024935461040,728002365,109200354750000
2024-02-08,SK하이닉스,000660,KR7000660001,KOSPI,142800,4800,3.48,139000,143000,137900,5780714,816463321850,728002365,103958737722000
2024-02-07,SK하이닉스,000660,KR7000660001,KOSPI,138000,0,0.0,136600,138500,135500,3348045,460438179378,728002365,100464326370000
2024-02-06,SK하이닉스,000660,KR7000660001,KOSPI,138000,5700,4.31,133700,138400,132000,4672324,633972303800,728002365,100464326370000
2024-02-05,SK하이닉스,000660,KR7000660001,KOSPI,132300,-2600,-1.93,134900,135800,131700,3300954,440630936350,728002365,96314712889500
2024-02-02,SK하이닉스,000660,KR7000660001,KOSPI,134900,2200,1.66,132300,135300,132200,3708253,497093939480,728002365,98207519038500
2024-02-01,SK하이닉스,000660,KR7000660001,KOSPI,132700,-2000,-1.48,133100,135600,131700,3778274,503287491300,728002365,96605913835500
2024-01-31,SK하이닉스,000660,KR7000660001,KOSPI,134700,-2200,-1.61,134800,136600,133600,2815362,379897664200,728002365,98061918565500
2024-01-30,SK하이닉스,000660,KR7000660001,KOSPI,136900,1900,1.41,135300,137800,134400,2297631,312515318400,728002365,99663523768500
2024-01-29,SK하이닉스,000660,KR7000660001,KOSPI,135000,-1000,-0.74,135500,137000,135000,2311854,313633464100,728002365,98280319275000
2024-01-26,SK하이닉스,000660,KR7000660001,KOSPI,136000,-1400,-1.02,136200,138600,136000,3247410,445104947750,728002365,99008321640000
2024-01-25,SK하이닉스,000660,KR7000660001,KOSPI,137400,-4100,-2.9,142700,143700,136900,4708651,655675468200,728002365,100027524951000
2024-01-24,SK하이닉스,000660,KR7000660001,KOSPI,141500,700,0.5,140000,141700,137600,2580665,359516598700,728002365,103012334647500
2024-01-23,SK하이닉스,000660,KR7000660001,KOSPI,140800,-1800,-1.26,142300,142800,138300,2912611,407777567000,728002365,102502732992000
2024-01-22,SK하이닉스,000660,KR7000660001,KOSPI,142600,1300,0.92,145200,145400,142300,3784276,543785154385,728002365,103813137249000
2024-01-19,SK하이닉스,000660,KR7000660001,KOSPI,141300,5100,3.74,138700,141300,137400,4946040,692333153000,728002365,102866734174500
2024-01-18,SK하이닉스,000660,KR7000660001,KOSPI,136200,5200,3.97,131500,136800,130600,3050556,408810385400,728002365,99153922113000
2024-01-17,SK하이닉스,000660,KR7000660001,KOSPI,131000,-1100,-0.83,133800,134500,129000,3822702,502258110100,728002365,95368309815000
2024-01-16,SK하이닉스,000660,KR7000660001,KOSPI,132100,-2000,-1.49,132600,133700,131100,3670169,485781577321,728002365,96169112416500
2024-01-15,SK하이닉스,000660,KR7000660001,KOSPI,134100,0,0.0,134800,135100,133300,1858867,249236618000,728002365,97625117146500
2024-01-12,SK하이닉스,000660,KR7000660001,KOSPI,134100,-1900,-1.4,136400,137300,133400,1878915,252938171800,728002365,97625117146500
2024-01-11,SK하이닉스,000660,KR7000660001,KOSPI,136000,2500,1.87,132400,137100,132400,3594909,485469304242,728002365,99008321640000
2024-01-10,SK하이닉스,000660,KR7000660001,KOSPI,133500,-3900,-2.84,137700,138100,132100,3769252,504545182100,728002365,97188315727500
2024-01-09,SK하이닉스,000660,KR7000660001,KOSPI,137400,1400,1.03,139000,139500,136600,3473806,480449816300,728002365,100027524951000
2024-01-08,SK하이닉스,000660,KR7000660001,KOSPI,136000,-1500,-1.09,137500,137900,135400,2498302,340752338000,728002365,99008321640000
2024-01-05,SK하이닉스,000660,KR7000660001,KOSPI,137500,1100,0.81,135800,137500,135800,1846781,252186160000,728002365,100100325187500
2024-01-04,SK하이닉스,000660,KR7000660001,KOSPI,136400,-400,-0.29,136800,138800,135800,2661970,364515557225,728002365,99299522586000
2024-01-03,SK하이닉스,000660,KR7000660001,KOSPI,136800,-5600,-3.93,140000,140800,136800,3257820,449799956600,728002365,99590723532000
2024-01-02,SK하이닉스,000660,KR7000660001,KOSPI,142400,900,0.64,139700,142800,139700,2147458,304025996500,728002365,103667536776000
